ticker,signal_date,pa,osc,rsi14,mom21,mom63,mom126,rs63,atr_pct,ema20_dist,ema50_dist,vol_ratio,body_pct,lower_wick,close_location,spy_strength,qqq_strength,stop_pct,entry_date,exit_date,r,planned_rr,status
IWM,2023-08-29,4,2,49.89773256104474,-0.0527402121245654,0.0755058629703429,0.0067367917317695,0.5368589743589743,0.0155903904032933,0.0025545129104116,0.0018784981734731,0.9174841073798876,0.7078976533513247,0.2552602836537673,0.963157937005092,0.0691366139608455,0.1180337416671029,0.0341629788698995,2023-08-30,2023-09-19,-1.0585429042243786,1.5633268366735278,stop
IWM,2024-04-23,5,2,46.81887135831269,-0.0316966768354823,0.0158402174106078,0.2004571694348766,0.4392971246006389,0.018066445804399,-0.0042982196892196,-0.0073978126829538,0.9398522930269952,0.7899787323923094,0.0310237585398234,0.8210024909321328,0.0754110669215033,0.067055891935126,0.0362757614169008,2024-04-24,2024-06-05,0.9033039093538676,1.7597724061751354,time
AAPL,2025-01-28,4,2,52.280254688910865,-0.0772268628083507,0.0344889248754149,0.0956056867491863,0.5668789808917197,0.0247357483189395,0.0149195368963759,0.0059860832894151,1.4190804232296452,0.7899770304915341,0.0042653010762495,0.7942423315677837,0.0831712741389716,0.0854194824487208,0.0654764749965438,2025-01-29,2025-03-11,-1.0305453218137592,1.6099510744101468,stop
NVDA,2024-12-20,5,2,46.6186812900734,-0.0766379593994677,0.1586900157321993,0.140638506571149,0.8232484076433121,0.0397172885671877,-0.0124237209445643,-0.0097943474491424,1.3842667361821352,0.6926347139732513,0.2252120237570342,0.9178467377302856,0.0775165491330398,0.0998570776266756,0.0730480647177113,2024-12-23,2025-01-06,1.5632895594409166,1.590668792658509,target
NOW,2025-01-15,5,2,47.960257845690826,-0.082104113642779,0.1158475271156489,0.3855728744592139,0.7977707006369427,0.0250649218217472,-0.0067136205349688,0.0100798900644294,1.09793119915406,0.0441338304617052,0.6636171016539921,0.7077509321156973,0.069238250231711,0.0828485912917049,0.0586204710865518,2025-01-16,2025-01-27,1.4738171599129577,1.5079349341807051,target
AMD,2025-09-15,4,2,49.24296552592235,-0.1093671932572257,0.3873966820016441,0.5961176756831092,0.9092356687898088,0.0385393820221813,-0.0020587173510119,0.0211832549500128,0.816981746216443,0.244682957869482,0.5127638230109182,0.7574467808804002,0.1063610378013246,0.1271005482737175,0.0791416928654734,2025-09-16,2025-10-06,5.07061171444928,1.9063948384238127,target
AMAT,2024-04-25,4,2,45.94598571592027,-0.0443701575626167,0.1460043867853817,0.4696798766575529,0.8162939297124601,0.0307111441705471,-0.0156037202561473,0.0017325228576219,0.885725839399889,0.2515471182857238,0.5525768525306057,0.8041239708163295,0.0692746743422971,0.0640650945132037,0.0546951114448655,2024-04-26,2024-05-15,1.5228758907285236,1.5594422299710364,target
MCHP,2025-08-20,4,3,48.81664420646042,-0.1129417431480672,0.1065238731920379,0.0659168250610717,0.6878980891719745,0.0379860024264909,0.0008196608843391,0.002384931198631,1.0141701088587023,0.5448917359334638,0.4086682114403002,0.953559947373764,0.0853423244684876,0.0978116836005122,0.0879660983230599,2025-08-21,2025-10-02,0.0043636152643334,1.7769914299322564,time
NXPI,2024-01-18,4,3,47.3887396448606,-0.0915296716864445,0.0751942016586133,-0.0300891296707238,0.4616613418530351,0.0283731505250331,-0.0107120065307655,0.0060163243384299,1.6785725709289805,0.2419347561250729,0.4704318827858108,0.7123666389108837,0.0883418080997104,0.1315858481256899,0.0579375477402316,2024-01-19,2024-02-12,1.886021441367129,1.920541369772922,target
NXPI,2025-09-25,4,1,53.47323871798304,-0.0418994583045762,0.0437721892070417,0.1126015777119877,0.4856687898089172,0.0273115772275379,0.0089676057051095,0.0188442033946703,0.9237120420333274,0.3351739448097563,0.550646321587139,0.8858202663968953,0.0953813218744705,0.1202591760031781,0.042236258865794,2025-09-26,2025-10-10,-1.0473526788050764,1.6559766169262622,stop
NXPI,2026-07-08,4,3,46.97318232645393,-0.0377999242853067,0.45947483057722,0.2785895087557646,0.9235668789808916,0.0527344856983887,-0.0195496022193824,-0.0008835059883243,0.8105150714940272,0.807794695521629,0.0463711165984396,0.8541658121200686,0.081076727176836,0.1127802224584724,0.0916968438124407,2026-07-09,2026-07-10,-0.0247948341682341,1.6699871121497751,time
ON,2023-08-29,5,2,53.74647610467244,-0.0941067228737674,0.1624389566673656,0.2609481461390199,0.7708333333333334,0.0342766176852995,0.0250949577454207,0.0298327274416783,1.0962698433336129,0.9077874587066606,0.0368853291976155,0.944672787904276,0.0691366139608455,0.1180337416671029,0.0916108440505824,2023-08-30,2023-10-04,-1.1111589623979965,1.5265471314640089,gap_stop
NTAP,2024-11-06,5,2,51.0133483128007,-0.0428290297312775,0.0203444938876773,0.115573978850735,0.2882165605095541,0.0216774746277918,0.0080177175637943,-0.0026512094818296,1.810149910177786,0.2846423325961125,0.5767797646601631,0.8614220972562756,0.1089934668945993,0.1101371974537879,0.054012945119615,2024-11-07,2024-11-22,2.035329478513929,1.7724105587187473,target
HPQ,2024-01-19,4,2,45.21835696193394,-0.037673430951478,0.0867998617317256,-0.0893464055361226,0.3945686900958466,0.0210231681341404,-0.0162560848630567,-0.0023977635945359,1.3333958218289974,0.4042562257650192,0.3617020844873774,0.7659583102523967,0.1007930822209735,0.1522603575359993,0.0328060126307377,2024-01-22,2024-02-05,-1.0609644342490463,1.7833187750059707,stop
DELL,2023-10-09,5,2,53.15621516699013,-0.0470920473964316,0.2136226848292453,0.6469453556387963,0.9680511182108626,0.0270035185540676,-0.0008138908378713,0.0597208316911432,1.2403901994217357,0.6438376923679847,0.1643822015520086,0.8082198939199933,0.0219269433078215,0.0705604475834327,0.047540640818529,2023-10-10,2023-11-06,1.555963224601769,1.598032493453957,target
ANET,2024-11-20,4,2,44.75857279941,-0.0374470602051117,0.0838798787546555,0.2060347281361079,0.554140127388535,0.0314951660034666,-0.0243825027034083,-0.0097649452233664,0.874750076172557,0.2238204419448128,0.6544490069822807,0.8782694489270935,0.096153894922021,0.0929033258825557,0.0632709389237794,2024-11-21,2024-12-04,1.492857052397611,1.5244671412317492,target
SMCI,2024-04-29,5,2,50.400990360403576,-0.1184914793145683,0.7962555984857884,2.718157806700333,0.9920127795527156,0.0882028066565687,0.0186718493535589,0.0324283317101845,0.9553565466913556,0.7569287622920584,0.1326653861033387,0.8895941483953972,0.0814859069992186,0.0830992436972657,0.2429830375813958,2024-04-30,2024-06-11,-0.5174552289120599,1.6295509428789323,time
GOOGL,2026-06-30,5,2,47.9697400889788,-0.0598320859768355,0.3074349497995801,0.1413835885330827,0.7977707006369427,0.0334418109120256,-0.003708667586192,-0.0031599275042085,0.8668662864435965,0.4257906910262741,0.4221412050357709,0.847931896062045,0.08771384962833,0.158967690743836,0.0819407129237699,2026-07-01,2026-07-10,-0.064932279926981,1.6330360531381038,time
NFLX,2025-08-08,4,2,52.097857828771325,-0.0311452730470902,0.058727931151653,0.1929347877116931,0.482484076433121,0.023204609821448,0.0129738726821684,0.0111596928142203,0.9635466960524804,0.8432130283083505,0.0835796190730309,0.9267926473813816,0.0920682190739332,0.1254650650559436,0.0593994825825831,2025-08-11,2025-09-22,0.1515979457001482,1.6701106473398633,time
VZ,2024-11-15,5,2,49.73453777885013,-0.0501708991050746,0.0382960189378673,0.0732010674399372,0.4506369426751592,0.0177843473901162,0.0043269580790821,-0.0051210453000375,1.0745636906266984,0.8762899166273368,0.0,0.8762899166273368,0.0904778293092445,0.0815605472989562,0.040174649255037,2024-11-18,2024-11-26,1.6045462712033964,1.6543289086896278,target
TMUS,2023-05-08,5,2,47.05670770148136,-0.0362946540174857,0.0155666233361333,-0.0269287396683891,0.6794871794871795,0.0163932889147329,-0.0057073149216921,-0.0081123416991332,0.8810431207981844,0.1132032014740486,0.8050325329648242,0.918235734438873,0.032585461962995,0.07162167397274,0.0302923533313397,2023-05-09,2023-05-18,-1.066023262640703,1.6279117813569106,stop
LYV,2023-08-04,4,3,40.8057660659591,-0.042666914652517,0.3080364359044973,0.0761777106181391,0.8605769230769231,0.0369669156482168,-0.0371460781639437,-0.0082095157172612,1.2154811751366688,0.2547944976411594,0.4520550235884058,0.7068495212295652,0.0742954955847892,0.1293355705514136,0.086099519576129,2023-08-07,2023-09-06,-1.023228933330245,1.697892242174843,stop
TSLA,2024-08-15,5,3,50.22704763505735,-0.1382696201623805,0.2307603461628826,0.1347569909969832,0.9522292993630572,0.0569015412723049,0.0081158475586256,0.0166384272700206,0.9883844462762832,0.8245928689289045,0.0180829107043326,0.8426757796332371,0.0930495279949565,0.0932023291271084,0.1438242215280601,2024-08-16,2024-09-27,1.609816887113109,1.9261747498099937,time
TSLA,2026-01-22,4,2,51.76461474350142,-0.0661679676802874,0.0152733374487705,0.3512147842507418,0.4522292993630573,0.0349210001696647,0.0118194645371356,0.015864205039715,1.135497257659544,0.8417300414619499,0.1499703326362708,0.9917003740982206,0.0715699983300999,0.0764043683995956,0.0705343869732796,2026-01-23,2026-01-29,-1.0283549639519467,1.5496540970968335,stop
BKNG,2025-08-14,4,2,47.06984718577006,-0.0306390343041655,0.0532322520684493,0.0971249292915426,0.4681528662420382,0.0208621505360061,-0.0057814566451586,-0.001103534490995,0.8849078426064916,0.177027437865769,0.4789769704339942,0.6560044082997633,0.1010428040100495,0.1300397516433358,0.0338678789094499,2025-08-15,2025-09-26,0.17178254887759,1.5836858219344645,time
HLT,2023-08-29,5,2,48.51298150369772,-0.0354356207850887,0.1021466779024726,0.0389338867672854,0.6217948717948718,0.0178982129677632,-0.0037479067683016,0.0048369637924752,1.0845815558206071,0.5335666183202405,0.3639623221381649,0.8975289404584054,0.0691366139608455,0.1180337416671029,0.0245491095699024,2023-08-30,2023-09-11,1.64975716008066,1.731226510091303,target
ORLY,2023-06-08,5,3,47.66021005292905,-0.0490634265144748,0.1026011646166571,0.0928332073162683,0.7259615384615384,0.0210324984981491,-0.0065312050826573,0.0047248553409879,0.813389456804971,0.8764117369736365,0.095516235757467,0.9719279727311034,0.0636808423325479,0.1408886204888124,0.0362955854216067,2023-06-09,2023-06-30,1.6212737703148985,1.6763768903436334,target
ORLY,2025-01-13,4,2,48.494209947108565,-0.0443873703350086,0.0331068340579356,0.163473112529735,0.6528662420382165,0.0165881723546827,-0.0012130965773565,2.3628501243599945e-05,1.050178839104172,0.7102539120324267,0.0597395746421708,0.7699934866745974,0.049960318078692,0.0610186597927466,0.031109947397894,2025-01-14,2025-01-27,1.7260137929269677,1.7903019119141244,target
LEN,2023-06-01,4,3,43.83536984713192,-0.0433475498655488,0.1295321506630284,0.2605930422131124,0.842948717948718,0.0208037821638373,-0.0173460983752568,-0.0010306964497011,1.081050130278751,0.9485957559642644,0.0,0.9485957559642644,0.0488019763484481,0.1454999630132023,0.0305043001450741,2023-06-02,2023-06-06,1.919152229585523,1.984716756242036,target
KBH,2025-10-14,6,2,46.903967929292165,-0.0601319346261152,0.1218292376694816,0.2116832669825228,0.7133757961783439,0.0331834265819467,-0.0109954189301284,-0.0075455092416093,1.3280338622180008,0.9381721863540524,0.0,0.9381721863540524,0.0878764437730308,0.1101538182317813,0.0732603982344089,2025-10-15,2025-11-25,0.541403564482714,1.5314163480694487,time
RCL,2025-01-14,6,2,45.82469189549145,-0.0621429363855808,0.1766704927706792,0.3761079270618368,0.8805732484076433,0.0275108133613103,-0.0094068075312,0.010442659456173,1.0030175955215967,0.0194651628160788,0.8175182752744551,0.8369834380905339,0.05086750026727,0.0593786623027843,0.0597228401679336,2025-01-15,2025-01-28,1.61606556315794,1.6495535887504311,target
AEO,2026-02-02,4,2,49.13797649324618,-0.0609959877529101,0.4970696938721672,1.3247243460874731,0.9808917197452228,0.0421339950554182,-0.0053991447093765,0.035843378374309,1.085186144776783,0.9133853773995813,0.0708662363369286,0.9842516137365098,0.0758543931880999,0.0793508041019039,0.0771105930597457,2026-02-03,2026-02-05,-1.0259367736732408,1.8384447765941885,stop
URBN,2023-09-12,4,2,47.61938246901466,-0.0804724064118345,0.0333332705399656,0.2996894116755058,0.5808,0.028618910658615,-0.0020319748616017,-0.0077169546935927,1.2132831920453822,0.6736108167676853,0.0347216335353706,0.708332450303056,0.0555510656859754,0.1007444764888849,0.0760886303002696,2023-09-13,2023-09-25,-1.20399078052101,1.5810597473475374,gap_stop
PM,2023-08-25,4,3,45.16523762756253,-0.0356054157123032,0.0614793006301419,-0.0095805767126687,0.5224358974358975,0.0134484395866358,-0.0045900064055398,-0.0088763624450936,0.8677646827804096,0.3518511977507333,0.5925952089970818,0.9444464067478152,0.0485655031513825,0.0882974863694427,0.0278599893512736,2023-08-28,2023-09-26,-1.0717875364122695,1.8046548284262032,stop
MDLZ,2023-06-02,5,2,46.05407325711151,-0.0357051155891939,0.136487086485368,0.1109490367269494,0.8525641025641025,0.0153875143921446,-0.0109698568968054,0.0117977746229602,0.9824265448974804,0.581394936214758,0.3139493621475805,0.8953442983623386,0.0632921336967335,0.1523243274183894,0.0284753899231373,2023-06-05,2023-06-07,-1.0702360882642354,1.8668374996143928,stop
MKC,2024-10-23,4,2,43.88998539485802,-0.047448471318839,0.0670818361690039,0.0581583673549659,0.4904458598726114,0.0172851168922045,-0.0124004266417858,-0.0056080619623571,0.9540542114230308,0.8216567938070772,0.1273914754863089,0.949048269293386,0.0941929473501281,0.0818309345347081,0.041384552368798,2024-10-24,2024-11-08,-1.0826476243131584,1.578666298524687,gap_stop
MNST,2024-02-13,4,3,50.17130089655936,-0.0489415652326483,0.0159189777052746,-0.0482968743464801,0.2076677316293929,0.0161477902236671,0.0011031892390838,0.0033952383516813,1.0650685970035303,0.1923082566115247,0.5192311924586436,0.7115394490701683,0.1062362372779353,0.1421580401969748,0.0265435811890821,2024-02-14,2024-02-29,1.9639803012600572,1.9742579448609372,target
CAH,2023-09-07,4,2,48.528480154033254,-0.0345464641673762,0.0695944213775023,0.2340710398421184,0.6432,0.0178147345222562,0.0006099789525437,-0.0065116490947003,0.9392016552143344,0.4662140566844972,0.1959471302052776,0.6621611868897749,0.0546878372238515,0.1021017268876069,0.0397583175093173,2023-09-08,2023-10-19,1.3279859604596616,1.845674461318136,time
EOG,2024-09-17,5,2,49.15673171631246,-0.0380290354486119,0.0417223972985565,0.0106686953991546,0.3917197452229299,0.0204313407810648,0.0025395047447591,-0.0095810676414339,1.2801098094295655,0.8376979244891128,0.0890041062840549,0.9267020307731676,0.0913031318773589,0.073293883451986,0.0577577938211946,2024-09-18,2024-10-07,1.583110535168179,1.6177378965627562,target
MPC,2023-10-09,5,2,47.032147961607954,-0.0562746987090142,0.2275125156944766,0.1301379855842497,0.97444089456869,0.0281298724415416,-0.0132411168974073,0.0159247055289444,0.8707899809822999,0.3312527418032066,0.5124978542409666,0.8437505960441732,0.0219269433078215,0.0705604475834327,0.0460946921799919,2023-10-10,2023-11-02,1.9056436910347485,1.9490326346508668,target
FANG,2026-01-09,4,1,47.711625349477025,-0.0680280678732064,0.0292311638152138,0.0357749943768765,0.4920382165605095,0.0332333193415308,-0.0082715165130833,-0.0063017135608525,1.0112703581327362,0.0094039988519996,0.529780924136615,0.5391849229886146,0.0860073261592939,0.0934650518206876,0.0568260037101482,2026-01-12,2026-01-29,2.08071984011331,1.9507749706312552,target
CNX,2026-01-07,6,2,46.51536283411383,-0.1002445509989563,0.0962168475305147,0.1302210591197212,0.7197452229299363,0.0303165989326078,-0.0128859001624755,0.0044796671822902,0.8369283676168378,0.677420281056958,0.1720427902245338,0.8494630712814918,0.0807822102608353,0.0908172989689284,0.0807625771410093,2026-01-08,2026-02-20,1.2583430965108666,1.7724937502714986,time
WMB,2026-04-23,4,2,48.18901090593818,-0.0377383380131396,0.1325381018873637,0.167188423753561,0.7945859872611465,0.0229100579746808,-0.0027781618277008,0.0075893318371695,0.963401758832232,0.1898751291683981,0.3291162467285365,0.5189913758969347,0.075961516210421,0.1023723578496869,0.0364188462190488,2026-04-24,2026-04-30,1.5362235168542544,1.5911401385388233,target
NRG,2024-12-23,4,2,46.43249065096218,-0.0479924296998237,0.0538922192953921,0.1324159225317642,0.6369426751592356,0.0370332817429241,-0.0164684116602154,-0.0029385675933438,1.0078780855161944,0.4733879429911087,0.4509806016750478,0.9243685446661566,0.0830643665901924,0.109352289734883,0.0581179074815306,2024-12-24,2025-01-15,1.86298313119558,1.8277145052342532,target
JPM,2024-04-19,4,2,43.907044063473705,-0.0481141351321067,0.0973153224898006,0.28871312315744,0.7252396166134185,0.0197429580740664,-0.0171854772807402,-0.0016250987314719,1.306276605335809,0.760628238651495,0.2214742648815807,0.9821025035330758,0.0545738853433961,0.0421457932773112,0.0384796184342649,2024-04-22,2024-05-10,1.734547947865607,1.786523515227758,target
SCHW,2024-01-19,5,2,43.472362136643845,-0.0797865690291671,0.2359520679875422,-0.0533112673157539,0.7795527156549521,0.0271242094429548,-0.0259685895660028,0.0070245661163761,1.450071926360184,0.3947373176221165,0.5947361129794242,0.9894734306015408,0.1007930822209735,0.1522603575359993,0.0681753049561866,2024-01-22,2024-03-04,0.9038048336050724,1.652426915072101,time
SCHW,2025-01-16,5,2,52.04426618179554,-0.0506661053296835,0.0529305837440698,0.1923482679499986,0.6831210191082803,0.021402027232259,0.0113189907059776,0.0058167911415412,1.0386050889054426,0.9452769743484676,0.0497506206016983,0.995027594950166,0.0664690856715286,0.0744575542289096,0.0609951154484366,2025-01-17,2025-01-28,1.5171656495028387,1.549955160356224,target
MA,2024-04-23,4,2,45.097658648659745,-0.0378036965114781,0.0562973899009739,0.2075429947294036,0.5734824281150159,0.0149157759058101,-0.0067334518802891,-0.0032716237030028,0.8859460686716266,0.7654296401948422,0.2063510858742121,0.9717807260690544,0.0754110669215033,0.067055891935126,0.0287784375515479,2024-04-24,2024-04-30,-1.0694964761869925,1.6120342355994148,stop
RF,2024-04-22,4,2,45.653792601689794,-0.0481389635964185,0.018936924302952,0.1958574461035818,0.476038338658147,0.0261731060774891,-0.0144872910606613,-0.0032714303121786,1.9322939950281597,0.5964918151276231,0.2456130957958031,0.8421049109234262,0.0636052545574021,0.0520753366888679,0.046268261131938,2024-04-23,2024-05-29,-1.0432261760237072,1.948547903230176,stop
CFG,2025-01-13,4,3,47.22527368244947,-0.0482759755243332,0.0799879462801824,0.1790942149469552,0.7515923566878981,0.0259943194344257,-0.0055363348102904,-0.0048111140754603,1.130984695426768,0.8966086758244124,0.0710803798677502,0.9676890556921628,0.049960318078692,0.0610186597927466,0.060272548110621,2025-01-14,2025-02-26,0.2169912035461008,1.5933561112004049,time
CFG,2026-06-02,4,3,49.00065507992857,-0.032753754356228,0.0515796491677142,0.1681876384408291,0.6257961783439491,0.0241797459892106,-0.0025939858565682,0.0011706429909503,1.4312716218150234,0.8723434044193739,0.0585090193372968,0.9308524237566708,0.1218361226808188,0.2075044964179231,0.0389560305694919,2026-06-03,2026-06-09,1.617201958200106,1.668541891215927,target
STT,2026-03-11,5,2,47.71515445163119,-0.0616621729640008,0.02221146699718,0.1401230987827013,0.4952229299363057,0.0340977408524989,-0.0054534207071175,-0.0093259878713971,1.6492432516773288,0.8215063890110317,0.1354834581383605,0.9569898471493924,0.0323879237761874,0.0365154722903913,0.0617013228618503,2026-03-12,2026-04-08,1.680516310503652,1.7129305263945822,target
ICE,2024-11-18,4,3,45.86865561414369,-0.0547862912695146,0.0024152241943251,0.1584940590817394,0.3455414012738853,0.0176330796581909,-0.005357992611144,-0.0084010512969423,1.1520771395066003,0.921502968440779,0.0477814810957266,0.9692844495365056,0.0939123906660435,0.0881103507520324,0.0350219818644079,2024-11-19,2024-12-18,-1.0571069909105446,1.7379396792994728,stop
CB,2024-07-11,4,2,49.080072997025034,-0.0328925153246045,0.0438912203085897,0.1528270990318427,0.5422647527910686,0.0153318694947277,-0.000211896291004,0.0008402880649858,1.1464718433572338,0.5603948837161623,0.3590615367284905,0.9194564204446528,0.1230039570245267,0.1565612199224646,0.0292569047689537,2024-07-12,2024-07-30,1.8476353111226955,1.9159952424207705,target
CB,2026-01-23,4,1,43.35694593970309,-0.0322882343247243,0.0882034305781649,0.113738990588817,0.643312101910828,0.0157049631554368,-0.0111852458305217,-0.0011272102577931,1.2404874898205611,0.1181786655569485,0.4250034678873576,0.5431821334443062,0.0711917138066993,0.0789462817906474,0.0234326019650087,2026-01-26,2026-02-04,2.46520071024836,1.7871243978362386,target
LNC,2024-08-15,4,2,48.96511333799325,-0.064368415191202,0.0385351980399375,0.1595086985369291,0.5589171974522293,0.035140186785719,0.0009181534973121,-0.0059524757403686,0.8661800802607826,0.5578950115846251,0.1684207567550185,0.7263157683396436,0.0930495279949565,0.0932023291271084,0.0984270799203375,2024-08-16,2024-09-27,0.2315215820291212,1.861537141141535,time
LLY,2023-10-05,5,2,45.87101705897356,-0.0329852453726789,0.2003199140717093,0.5019108768289489,0.963258785942492,0.0223608799623678,-0.0139403132964439,0.0144239152891865,0.9902176284041144,0.7291085180078685,0.1772259026353253,0.9063344206431938,0.0038905319195097,0.0490136138966483,0.0526485148931721,2023-10-06,2023-10-11,1.876445098222072,1.914432874402619,target
MRK,2024-03-08,4,1,44.44099095869187,-0.0311444902850308,0.1776412609769284,0.1602952388815435,0.6805111821086262,0.0153629942450723,-0.0144265934599697,0.0163141461153852,1.4032839533157755,0.1363617097521194,0.5909110175206099,0.7272727272727294,0.1222460443683126,0.1407606393807889,0.0223003280414984,2024-03-11,2024-03-11,-1.089684779357425,1.7767161744121915,stop
ABT,2024-03-27,4,2,45.325846942621126,-0.0495812236102898,0.0439276641347112,0.1915145895260026,0.4392971246006389,0.0185928204917744,-0.0101724595262473,-0.0053900482903765,1.1780343367907813,0.8409136228466394,0.0340896283259513,0.8750032511725908,0.1320280547094188,0.1368253582720751,0.0386738989379691,2024-03-28,2024-04-16,-1.0517144651799368,1.7694225516269422,stop
VRTX,2024-03-26,4,2,51.68075537908427,-0.034649855011939,0.0325971411599705,0.1933155828315893,0.4361022364217252,0.0167346835213009,0.0051886033831358,0.0070389938965862,0.9180997917791316,0.2302742025741466,0.5373173175778556,0.7675915201520022,0.1240855609290985,0.1345264187462396,0.0333815525388721,2024-03-27,2024-04-04,-1.0599133308036237,1.843016084256449,stop
CI,2024-05-31,4,3,53.37882905991777,-0.0351642682062515,0.0393396349057264,0.3226504760052975,0.5654952076677316,0.0171066988421675,0.0125445981665703,0.0049411959678471,2.1205326921098093,0.8858425536263398,0.1103508820824373,0.996193435708777,0.0941687425478303,0.101477621973451,0.0349064590279381,2024-06-03,2024-07-01,-1.0572959863502411,1.957316056261028,stop
CAT,2024-04-29,4,2,45.90292572519183,-0.0419039739165093,0.1577085267470106,0.4548595614430013,0.8242811501597445,0.0275530142820072,-0.0178443606955008,0.0103972276815509,0.8413230089095618,0.8350036997631318,0.0,0.8350036997631318,0.0814859069992186,0.0830992436972657,0.0509012021144159,2024-04-30,2024-05-02,-1.039291802883248,1.7946070287145297,stop
IR,2024-05-07,4,3,45.52972022878953,-0.0442506088774152,0.0796491656798263,0.3753916458177067,0.5830670926517572,0.0258047155227495,-0.0144164855171233,-0.0039882865094996,1.1110697300256605,0.5042727797358368,0.3205122771095771,0.824785056845414,0.0914833429990771,0.09691636118793,0.0443932211074766,2024-05-08,2024-05-22,1.4723802279465557,1.517432151418339,target
CHRW,2025-10-14,4,3,45.32881704279952,-0.0396938052124294,0.3130867227153018,0.4013639400392677,0.9076433121019108,0.024113758571336,-0.0195780883254532,0.0188110055171235,0.878737574079621,0.7995544710915968,0.1670376575578515,0.9665921286494484,0.0878764437730308,0.1101538182317813,0.0425324791643304,2025-10-15,2025-10-30,3.7495619007169334,1.5514906389037586,target
ODFL,2023-09-28,4,3,47.870279492641565,-0.0499695267946541,0.0816314814072891,0.2280225585156163,0.8210862619808307,0.0259350094205102,-0.0070782795495992,0.0093218189787631,1.1810336010825355,0.550725100619687,0.2053133093189329,0.75603840993862,0.013672043856884,0.0496448893262728,0.0351050131776068,2023-09-29,2023-10-19,-1.0569719199329564,1.7688898807835332,stop
ODFL,2026-07-09,5,2,54.82175729464913,-0.08566450295085,0.0896558964176159,0.3409053374466504,0.5955414012738853,0.033575825768436,0.0192914991495976,0.0351893189656924,0.8541354482657798,0.7453427451456127,0.0,0.7453427451456127,0.0892503893183587,0.1298234179372086,0.0648421103990386,2026-07-10,2026-07-10,0.0549974672556367,1.6623069438101126,time
PNR,2025-11-04,4,2,43.09679622801154,-0.0412976840931594,0.0475143719776971,0.1757466499145914,0.5748407643312102,0.0237658229449136,-0.0119564273653997,-0.0097266474239695,0.995878809836511,0.4780497063617912,0.3756075594161495,0.8536572657779408,0.0925326884804067,0.1264578962308911,0.0311114129805655,2025-11-05,2025-11-17,-1.0642850905309045,1.9384326782614487,stop
FBIN,2024-11-25,4,2,53.65595203451431,-0.0499791352772607,0.0241777001192049,0.1880743695118945,0.3646496815286624,0.0285490591300088,0.0286341548727593,0.0019633615436471,1.3558936618844837,0.6324435511286647,0.1683776657825764,0.8008212169112411,0.105753333265036,0.0971344972775805,0.085194960362635,2024-11-26,2024-12-18,-1.0234755669993498,1.521026185030702,stop
UNP,2024-03-28,4,2,48.61067696062374,-0.0317337534677458,0.0056495064944543,0.2281908119814859,0.3210862619808307,0.0147678800008017,-0.0022141090740942,0.0037977341665789,0.9695100035941056,0.0236211484972469,0.649605613326838,0.6732267618240849,0.1303290305199282,0.1332106897915259,0.0218459561166624,2024-04-01,2024-04-04,-1.0915501243946266,1.9663284099507128,stop
WAB,2025-01-13,6,2,47.04189319438487,-0.0543697632523451,0.0435994439960496,0.1805664365256736,0.6831210191082803,0.0202733622590083,-0.0047926865824141,-0.0044229872518715,0.911788483445412,0.9745201263464782,0.0,0.9745201263464782,0.049960318078692,0.0610186597927466,0.0349716180286674,2025-01-14,2025-01-22,1.9357160571972016,1.9533226088790796,target
FCX,2023-08-29,5,2,49.654689675693795,-0.099888211090353,0.1784573164209697,-0.0118067467596842,0.8012820512820513,0.0291443257530014,0.0031270952596778,0.0005731671715429,0.9764600453468676,0.867546824711121,0.112583935852544,0.980130760563665,0.0691366139608455,0.1180337416671029,0.0615395506187004,2023-08-30,2023-09-21,-1.0324994248396775,1.7779865010049791,stop
FCX,2026-03-11,4,1,46.62182248750293,-0.0325420626320782,0.3709631936143385,0.410677151274512,0.9538216560509554,0.0525164191312639,-0.0292627651703063,0.0221158605617353,0.9784311661630688,0.1069764553503314,0.7860470892993371,0.8930235446496685,0.0323879237761874,0.0365154722903913,0.0900920952183673,2026-03-12,2026-03-18,-1.0221995059072868,1.603689316124555,stop
NUE,2023-03-31,4,2,49.455245345413495,-0.1182314723066203,0.16050672896044,0.4777151462162758,0.7736757624398074,0.0330924177555898,0.0067112170234975,-0.0075908320326415,0.9439050985308604,0.6854571057290458,0.1602394309440029,0.8456965366730487,0.0324229390511077,0.0786870008689863,0.1014394225425994,2023-04-03,2023-05-10,-1.01971620056453,1.765788837268111,stop
STLD,2024-01-22,4,2,50.88435692871227,-0.060677747380441,0.16771395683182,0.1595371952952382,0.5638977635782748,0.0247871557654664,0.0035639750154008,0.0117530493958633,2.0047995353316113,0.9641783498674524,0.0,0.9641783498674524,0.1019897890075904,0.152002433368223,0.0602003571826444,2024-01-23,2024-02-23,1.5507456875878909,1.5839680818326975,target
IRM,2024-04-22,6,2,45.99720409127783,-0.0627702114115575,0.139480632176463,0.2922230779624941,0.8115015974440895,0.0200365779406165,-0.0106735480905295,0.0047235314587543,0.8290851150487631,0.4098356555019128,0.4918015358831326,0.9016371913850454,0.0636052545574021,0.0520753366888679,0.0367810892460904,2024-04-23,2024-05-15,1.858551178209975,1.7614046456792625,target
DLR,2026-06-15,4,2,47.1371370171956,-0.0347811873867814,0.0269395215668972,0.1893981310392651,0.4713375796178344,0.0228164469376739,-0.0056749389583987,-0.0092162837957534,1.3587764705882353,0.0178564130044822,0.407736567953824,0.4255929809583063,0.1056114265517178,0.1869623728180831,0.0527885916007711,2026-06-16,2026-07-01,-1.0378869740478316,1.935108667219798,stop
ELS,2024-10-15,4,2,46.913140642873344,-0.074769332757417,0.0105745619785189,0.1493902021653963,0.3678343949044586,0.0197153219548413,-0.0037688757789045,-0.0082498976004832,1.0482795412109895,0.6690652615401476,0.086327460343596,0.7553927218837435,0.1045789486753587,0.0935351105857631,0.0585853938488048,2024-10-16,2024-11-26,0.4909527016446393,1.5934787259532437,time
KIM,2025-10-14,4,2,46.79011562556411,-0.0425246679940098,0.0101467907809322,0.0788610100821336,0.4347133757961783,0.016345022764367,-0.004636793853891,-0.0077616265823119,1.426287626102437,0.8400001525878931,0.0,0.8400001525878931,0.0878764437730308,0.1101538182317813,0.0347138567639228,2025-10-15,2025-10-31,-1.0576138806356588,1.8727881942279203,stop
SKT,2026-01-30,5,2,46.38522625953781,-0.0307128125724817,0.0098632778058616,0.1097731980503178,0.3853503184713376,0.0202607019561652,-0.00458593173798,-0.0090327513959466,1.6161962013862057,0.2051278289256452,0.7564122314736729,0.961540060399318,0.0713492867435485,0.0728455767581179,0.0308737869083016,2026-02-02,2026-02-03,-1.064779873163607,1.9084675771926265,stop
EPRT,2024-03-04,4,2,49.46113980837429,-0.0300988551463189,0.0425508237605973,0.0444019861018147,0.3402555910543131,0.0196375324711022,0.0017793165558412,-0.0017731647629654,1.204744457554493,0.3058795546240719,0.305884042491129,0.6117635971152009,0.1290666215598843,0.1605212944792144,0.041470057061122,2024-03-05,2024-03-22,1.6412107836529066,1.6777008256189574,target
NEE,2025-09-22,4,2,53.54851406338088,-0.0416736359536167,0.0308138999292995,0.0369556474618448,0.3996815286624204,0.0202380000778219,0.0111013550069081,0.007084235284251,0.9939185298794696,0.7480265766361086,0.102365705085849,0.8503922817219577,0.1134007589263219,0.1409593285561137,0.0416978521696191,2025-09-23,2025-10-01,1.7377668676233782,1.7857309687925311,target
EXC,2025-05-16,5,2,45.52238944874485,-0.0435696339167864,0.047782406963434,0.1765584506260886,0.7054140127388535,0.0235262237880688,-0.0136330734670065,-0.0056092105851085,1.113142764699747,0.9000027743291314,0.072725570298032,0.9727283446271636,0.0588311405716472,0.0795782332996311,0.0516007432255458,2025-05-19,2025-07-01,-0.2419629003213367,1.5796617366396843,time
PEG,2023-06-02,4,2,46.17910254724591,-0.0343300393677044,0.0209567315408982,0.0271738329761084,0.6538461538461539,0.0169654969128923,-0.0040966688496744,-0.0095037258320799,1.481472773993939,0.749999372582873,0.0394745758032808,0.7894739483861538,0.0632921336967335,0.1523243274183894,0.0343881635905468,2023-06-05,2023-07-05,1.573954490490178,1.6321140370078,target
BABA,2025-11-24,4,3,47.87562880240248,-0.0799657257133307,0.2942264635084921,0.3675253282771111,0.945859872611465,0.0394943393821069,-0.0060902469667752,-5.451283291690867e-05,1.6426894568858643,0.2607124756813316,0.4642862981673124,0.724998773848644,0.0703144121291847,0.0859481449759365,0.1040847162947549,2025-11-25,2025-12-16,-1.0192151169854395,1.5415505827164544,stop
SE,2024-04-16,4,3,56.699199368643285,-0.0301049366565363,0.5783874339690023,0.2372174993566831,0.9792332268370608,0.041572860016279,0.0299904735487444,0.0896544100558867,2.7930011446726004,0.8011601045186548,0.0465832647075296,0.8477433692261844,0.0744108948207018,0.0854325037435386,0.0809176548968215,2024-04-17,2024-04-24,1.7407467262459642,1.530160067584679,target
GRAB,2023-10-05,4,2,48.101865777765745,-0.0543478380585886,0.0481927979059955,0.1153846624099779,0.8130990415335463,0.037456101369696,-0.003408182108926,-0.0095863856600476,0.8657385652882573,0.8461541283057624,0.0,0.8461541283057624,0.0038905319195097,0.0490136138966483,0.0675463039818743,2023-10-06,2023-10-23,-1.059498669435642,1.9327590603709912,gap_stop
GRAB,2025-06-17,4,2,48.92886841639561,-0.0569744505224786,0.043478323967111,-0.0733590058294725,0.5828025477707006,0.0364378808107177,-0.0066284340379269,0.0053000314352054,1.924662310348318,0.6666681804351479,0.1428558453413018,0.8095240257764497,0.0530070802993976,0.0776219160979938,0.0559602869755662,2025-06-18,2025-06-20,-1.035739630872037,1.8077289638708531,stop
SHOP,2023-08-29,5,2,52.50268494152056,-0.1299201295664882,0.0104829115784095,0.4292659239041136,0.2996794871794871,0.0393951052121309,0.0275943416063704,-0.005122509806111,0.807009662215848,0.8028036020270517,0.0860148018520544,0.888818403879106,0.0691366139608455,0.1180337416671029,0.1300843588571576,2023-08-30,2023-09-28,-1.015374638562013,1.6378162553040332,stop
ESTC,2024-01-08,5,3,55.55000639202949,-0.0364361746379182,0.3416862063357029,0.6241782040550712,0.9089456869009584,0.0364175617005628,0.0113069089323303,0.1054138053632258,0.978793091357597,0.7649576063265283,0.1581191913494409,0.9230767976759692,0.0907986699163225,0.1193513421077836,0.0522471091483513,2024-01-09,2024-01-18,1.722314590771199,1.6983885586044372,target
MRVL,2024-04-26,4,2,53.320777765905085,-0.0363914475449387,0.0240820585558219,0.4669246022181508,0.4696485623003195,0.0407185394074001,0.0268840710111526,0.0191370545333156,0.9670065293338354,0.5618592176310339,0.3762874637701059,0.93814668140114,0.078552770442418,0.079620943041434,0.1167838953505473,2024-04-29,2024-06-10,-0.0282052647319894,1.9326064506275225,time
SWKS,2024-01-18,4,3,47.59618782821899,-0.0786926287705245,0.0922457493405248,-0.0815479019898993,0.5111821086261981,0.0250426037609733,-0.0116241656933829,0.0074735353351671,1.733851509165664,0.436171450369699,0.471631906023166,0.907803356392865,0.0883418080997104,0.1315858481256899,0.0605663425858694,2024-01-19,2024-03-01,0.32762966417962,1.5283065452558724,time
MTSI,2026-01-09,4,3,52.981834024104586,-0.070236104770635,0.3150097814371742,0.2839206977636015,0.929936305732484,0.0372943099669401,0.009863432051905,0.0456390346084756,1.794995672041387,0.6888284219133942,0.1210110565285057,0.8098394784419,0.0860073261592939,0.0934650518206876,0.0627326446326858,2026-01-12,2026-01-12,1.5189389202960366,1.5508202479797404,target
SMTC,2025-08-21,4,2,48.57659268130563,-0.0437560904058852,0.2825240597850555,0.2758977152613713,0.8773885350318471,0.0486069430891031,-0.0163345602396285,0.0325667725578706,0.9998873013686622,0.7656263659410788,0.2187492549412297,0.9843756208823086,0.0801177223384823,0.0917216575760035,0.0732807822924693,2025-08-22,2025-08-26,1.6635580120058615,1.6908502970693295,target
BBAI,2025-08-15,5,2,45.142209831190904,-0.2530414030381835,0.6868131015197416,-0.3721881355695858,0.9808917197452228,0.1129579464807295,-0.0663788062287777,0.0009184493125995,0.8129035558510033,0.560606016819351,0.3181819495419472,0.8787879663612982,0.0973897711953022,0.1236721341503153,0.2263398884619788,2025-08-18,2025-09-10,-1.0088362683819911,1.9179814222451184,stop
QUBT,2025-08-05,5,2,50.76671530688781,-0.1504024093229823,1.3042291358045253,0.6974874083837654,0.9952229299363056,0.0821524778774741,0.0117104170373913,0.0646838138851793,1.9077734376274715,0.2876712776165459,0.4726024399691427,0.7602737175856886,0.0791344715683763,0.1014278830465438,0.1758567341254852,2025-08-06,2025-08-20,-1.0113728940204978,1.6890286917670654,stop
DKNG,2023-12-22,4,2,50.030163713177735,-0.0765253118179675,0.3055555710473407,0.4185862107936842,0.8849840255591054,0.0399454889559377,-0.0054344913816115,0.0340830578235973,0.9597939847752388,0.492891286583117,0.0,0.492891286583117,0.0975636084206861,0.1409394112233213,0.0507449621433122,2023-12-26,2024-01-02,-1.0394127794272792,1.8337883910472728,stop
CELH,2025-09-26,5,2,48.09672631466469,-0.0898594224014528,0.1852255417967465,0.5473683365164077,0.8009554140127388,0.0398587802347337,-0.0102520200932799,0.0204159765045761,0.9993924639827112,0.905453768643466,0.0145457874644886,0.9199995561079546,0.1005435874771236,0.1234686693100206,0.0890832262604796,2025-09-29,2025-10-09,1.5245116569457229,1.5469625726113947,target
VITL,2024-11-29,4,2,53.48038008869957,-0.0874106710228452,0.0556438778234369,-0.1976800409383934,0.4601910828025478,0.0511612459642353,0.0367983521917394,-0.0065113433995572,0.8273661608644903,0.0280398154684235,0.8411195961410939,0.8691594116095175,0.1113776503665793,0.1006889979624416,0.1514179971778037,2024-12-02,2025-01-13,1.7387928743105998,1.7520013438272817,target
CAVA,2024-04-25,5,2,50.42728841374813,-0.0825271323273835,0.3639137281554754,0.8463126057621957,0.9616613418530352,0.0497582669555123,0.0011517363698623,0.0392442290249084,1.3068567466044612,0.7263920639538911,0.1380144182588174,0.8644064822127085,0.0692746743422971,0.0640650945132037,0.0837252598681071,2024-04-26,2024-04-30,1.495926056359533,1.5198137098962383,target
MGNI,2025-08-13,4,2,53.70799293054806,-0.0301485820583523,0.4003679276802605,0.1295747244414096,0.9203821656050956,0.0447622582239241,0.0121721033903372,0.076721153795465,0.8093138386929161,0.3372101275704831,0.6511617075637409,0.988371835134224,0.1020596546798542,0.1323965833125759,0.0803852700835416,2025-08-14,2025-08-25,1.4863801194236426,1.511260299560146,target
CIEN,2025-01-29,4,2,46.55505979994346,-0.080054292578128,0.2688708222909195,0.6229802289411861,0.9012738853503184,0.0571412667314756,-0.0436601878258612,0.0108432849581263,0.8896235307433955,0.1971817869218866,0.3145559917473781,0.5117377786692647,0.0774760403995729,0.0824830960948026,0.1136703946875287,2025-01-30,2025-03-03,-1.0175947308487654,1.7771580169455543,stop
URG,2026-03-02,6,3,56.031456063312305,-0.0842105098048073,0.3700787682432456,0.2517985808948673,0.9092356687898088,0.0614738953331353,0.0406853756209226,0.0633092487990629,0.8519173822073334,0.7692309808449005,0.0769230063850331,0.8461539872299336,0.0504665796012648,0.0397761708680877,0.1246724842582784,2026-03-03,2026-03-05,-1.016042032144452,1.5655215233976232,stop
ASTS,2026-05-14,5,3,53.50789889990354,-0.0448740232602155,0.0096083787861636,0.2227132550083284,0.5302547770700637,0.0923509090158643,0.0801295096084007,0.0168051407490632,1.3619611271436942,0.633853225844771,0.2159713861134975,0.8498246119582686,0.1199328955123086,0.1909321921590918,0.2062900847128911,2026-05-15,2026-05-22,1.6589591514566349,1.6686542369125523,target
NVAX,2026-06-29,5,2,52.18488344536933,-0.093023262261184,0.1076922920654182,0.348703109438593,0.5286624203821656,0.0657194370621857,0.021322096092516,0.0219788165791328,0.8464988700286762,0.8799991607666016,0.0799999237060546,0.9599990844726562,0.0802617821914517,0.1414016841145284,0.1202050231454668,2026-06-30,2026-07-10,-0.0166382397978468,1.981207545916724,time
DAL,2024-06-17,4,3,46.36720298516395,-0.0533230658469681,0.1465167432378389,0.1763245090645044,0.84185303514377,0.0274451720253033,-0.0132671926697397,0.003982600668362,0.8114388559302854,0.8593746274706136,0.0859380587940796,0.9453126862646932,0.1217489811135053,0.1679224778430226,0.0463177571759093,2024-06-18,2024-06-26,-1.04317998370267,1.7464905460739424,stop
DAL,2025-10-06,4,2,50.20207792657473,-0.0477281417391149,0.1572655528072808,0.5741491161895076,0.7659235668789809,0.0291516511834328,0.0020849294961604,0.0131137766825988,0.9686433976763208,0.3135126998593722,0.5405409863784254,0.8540536862377976,0.109651304951249,0.1365247762557211,0.0474937315511804,2025-10-07,2025-11-04,-1.042110820411,1.9028032129778587,stop
JBLU,2024-11-08,4,2,48.86331407273797,-0.0676470625359293,0.3208333126372769,0.0987868585001017,0.8487261146496815,0.058431988471982,-0.007570201333706,0.004618799966396,1.214789729401539,0.935483920586602,0.0645160794133978,1.0,0.1197483998941923,0.1260727272389534,0.1430648269916626,2024-11-11,2024-12-23,1.370902485131583,1.7661608012376384,time
