rule,train_n,train_win,train_avg,train_pf,train_payoff,valid_n,valid_win,valid_avg,valid_pf,valid_payoff,hold_n,hold_win,hold_avg,hold_pf,hold_payoff,selection_score
mom126<=0.124227 AND body_pct>=0.544288,63,0.5396825396825397,0.360914621453218,1.778738791160111,1.5171595571659768,31,0.6129032258064516,0.41410468648272136,2.0128993565691458,1.2713048567805132,19,0.3157894736842105,-0.16401504305008127,0.7551148575357419,1.6360821913274408,0.5757740018278614
spy_strength<=0.0941282 AND pa>=5,63,0.5396825396825397,0.3474760774568076,1.7726288895928897,1.5119481705351119,33,0.5454545454545454,0.4728009187143293,2.1613045023602706,1.8010870853002257,21,0.38095238095238093,-0.08390807220519651,0.8122549608571958,1.3199143113929432,0.5744301474282204
mom63>=0.109485 AND vol_ratio>=0.81839,62,0.532258064516129,0.38772770445591376,1.8559448967337815,1.6309818789478685,24,0.5416666666666666,0.39551586265576105,1.8317507104566095,1.5499429088479002,17,0.35294117647058826,-0.13189104873441046,0.7325937588088206,1.343088557816171,0.5710308349617204
mom126<=0.124227 AND lower_wick<=0.266191,60,0.5333333333333333,0.35958717278181856,1.7681603129096501,1.5471402737959437,29,0.5862068965517241,0.4221112931060554,1.9480629612684748,1.3751032667777467,20,0.35,-0.13643662400270137,0.7854663309128618,1.458723185981029,0.5692920506115152
mom126<=0.124227 AND close_location>=0.828223,70,0.5285714285714286,0.3112728405929341,1.6612691945037668,1.481672524827684,31,0.5806451612903226,0.3692718855449925,1.8359809170197487,1.3259862178475965,20,0.3,-0.26957560226275945,0.6312577531345359,1.4729347573139173,0.559698712630722
close_location>=0.828223 AND qqq_strength<=0.0988458,62,0.532258064516129,0.2913999688472213,1.5608543161270367,1.3716598535661837,26,0.5384615384615384,0.2677706686338984,1.6448775994453377,1.4098950852388608,37,0.32432432432432434,-0.24008329720694468,0.6410265562580191,1.3354719922042064,0.5590351313795189
mom126<=0.205921 AND close_location>=0.828223,101,0.5346534653465347,0.3217856233694423,1.6601314055224927,1.4449291862880955,44,0.5227272727272727,0.22647643425900796,1.4864819775459255,1.3572226751506276,26,0.38461538461538464,-0.010820406051381178,0.982112361016576,1.5713797776265213,0.5453749161531735
mom126<=0.205921 AND body_pct>=0.544288,100,0.52,0.24010858518058675,1.467132226710687,1.3542759015790957,45,0.5333333333333333,0.22364588521282558,1.4793683977880525,1.294447348064546,24,0.4166666666666667,0.12745625044912193,1.2396030601263859,1.7354442841769404,0.5423645885212826
lower_wick<=0.266191 AND spy_strength<=0.0941282,103,0.5145631067961165,0.27663318196480663,1.5401923861916367,1.4530116850864494,50,0.52,0.3112880124153186,1.6527685571238668,1.5256325142681848,43,0.4418604651162791,0.16290516487865825,1.4244923090172852,1.799358706127097,0.5422264249925972
ema20_dist<=-0.00500608 AND vol_ratio>=0.81839,69,0.5362318840579711,0.3511119180320411,1.7723879420224953,1.5328760579654013,31,0.5161290322580645,0.2603227225612641,1.5688914539278365,1.4708357380573467,22,0.36363636363636365,-0.14605467147245943,0.7838954493306475,1.3718170363286333,0.5421613045141909
mom63>=0.109485 AND spy_strength<=0.0941282,71,0.5070422535211268,0.32187874042119374,1.6544915328065155,1.6085334346730014,29,0.5517241379310345,0.4261351923922948,1.925005179590439,1.5640667084172317,35,0.3142857142857143,-0.2384440720543748,0.542697023655326,1.1840662334298022,0.5392301275632462
mom63>=0.061588 AND spy_strength<=0.0941282,106,0.5094339622641509,0.2925694242736424,1.5836092419325918,1.52495704778694,48,0.5416666666666666,0.3324533499916916,1.7042870477818062,1.4420890404307591,45,0.35555555555555557,-0.12683107777219632,0.7408650795233661,1.342817956636101,0.5386909046915151
vol_ratio>=0.964122 AND close_location>=0.828223,65,0.5384615384615384,0.3062163364934645,1.593148994504628,1.3655562810039672,33,0.5151515151515151,0.22408778697896684,1.4952854025270077,1.4073274376724778,22,0.36363636363636365,-0.05285035579867397,0.9076275096556075,1.5883481418973129,0.5375602938494118
body_pct>=0.544288 AND qqq_strength<=0.0988458,70,0.5142857142857142,0.22006756934786909,1.41445410749203,1.3358733237424727,28,0.5357142857142857,0.23859378139774418,1.5284168232175572,1.3246279134552161,28,0.42857142857142855,0.11644143611967087,1.2251634554633977,1.6335512739511968,0.5362924712205012
mom63>=0.061588 AND ema20_dist<=0.00134722,104,0.5096153846153846,0.26781520639517786,1.5310869928419515,1.4733101251875382,55,0.509090909090909,0.30549651919451976,1.5982111549552491,1.541132185135419,31,0.41935483870967744,0.019729636138371514,1.049026860575683,1.452498730027869,0.5358724297304268
spy_strength<=0.0941282 AND stop_pct<=0.0740393,132,0.5075757575757576,0.2644703615483673,1.4964592637573741,1.451788837973572,63,0.5396825396825397,0.36864943443945014,1.8197298819089205,1.5521225463340793,41,0.3902439024390244,-0.019994001207188746,0.9666507601936181,1.5103918128025282,0.5340227937305942
vol_ratio>=0.81839 AND close_location>=0.887837,65,0.5076923076923077,0.2631235471910519,1.5059739265747656,1.4603383530421967,30,0.6333333333333333,0.5068591019641342,2.5689066625434522,1.4872617519988407,26,0.38461538461538464,-0.026029531402758117,0.9504934298640741,1.5207894877825185,0.5340046624114129
ema20_dist<=0.00134722 AND spy_strength<=0.0941282,109,0.5229357798165137,0.2583043079676063,1.5162562581198225,1.383251323197031,59,0.5084745762711864,0.24809304434531657,1.496684920498139,1.446795423148201,46,0.32608695652173914,-0.1662539249381483,0.7052955007759378,1.457610701603605,0.5332838807057181
mom126<=0.205921 AND body_pct>=0.707092,65,0.5076923076923077,0.24884233998296795,1.4964293230659915,1.4510829799427796,27,0.5555555555555556,0.33310108682645,1.759293623779777,1.4074348990238215,14,0.5714285714285714,0.5252627676647713,2.3921608029682773,1.794120602226208,0.5325765416906044
rsi14<=50.5519 AND ema50_dist>=0.00165905,68,0.5588235294117647,0.3584582187723515,1.7776812972039684,1.4034326030557647,42,0.5,0.3256117463529979,1.600209619216188,1.6002096192161883,28,0.35714285714285715,-0.1748187611462881,0.6623341431445913,1.1922014576602642,0.5325611746352998
ema20_dist<=0.00134722 AND ema50_dist>=0.00165905,85,0.5411764705882353,0.322201656295255,1.675381126463655,1.4204318246104903,48,0.5,0.33054824438986435,1.6116208303640052,1.611620830364005,30,0.36666666666666664,-0.14708486363088044,0.7162305427329654,1.2371254829023948,0.5322201656295255
qqq_strength<=0.118034 AND pa>=5,63,0.5079365079365079,0.23719923318849184,1.4536614530813523,1.4082345326725598,35,0.5428571428571428,0.46337147214153934,2.121128251281902,1.7862132642373911,14,0.35714285714285715,-0.04590295241729533,0.9113938502981437,1.6405089305366587,0.5316564312553571
mom63>=0.109485 AND lower_wick<=0.266191,71,0.5492957746478874,0.40530101739928187,1.9071007051335171,1.564800578571091,28,0.5,0.31119573673603107,1.5992546546935984,1.5992546546935984,19,0.3684210526315789,-0.02364258481698659,0.9351482782672108,1.6031113341723615,0.5311195736736031
mom63>=0.061588 AND lower_wick<=0.266191,105,0.5047619047619047,0.2781367478919014,1.5429479534605193,1.5138357279235284,42,0.5238095238095238,0.26337452854946014,1.528693408058642,1.389721280053311,25,0.44,0.09661974628930191,1.3015490924267263,1.6565170267249245,0.5310993576168508
mom126<=0.124227 AND spy_strength>=0.0633548,91,0.5054945054945055,0.27548597959151117,1.567323770283732,1.5332515144079986,48,0.5416666666666666,0.25361717577288784,1.5292800865829859,1.2940062271086805,17,0.4117647058823529,-0.05134978936706699,0.9230375511641419,1.3186250730916311,0.5308562230717943
ema20_dist<=0.00744233 AND stop_pct>=0.0518014,75,0.52,0.25504068676880925,1.5495467908369513,1.4303508838494936,55,0.509090909090909,0.1955106218377342,1.4031886686195256,1.3530747875973996,34,0.38235294117647056,-0.03336389788352002,0.9197892969741499,1.485813479727473,0.5286419712746825
ema50_dist>=0.00165905 AND spy_strength<=0.0941282,94,0.5531914893617021,0.3942281619876858,1.8569830932492568,1.4998709599320923,52,0.5,0.28534117476963716,1.5730804871142519,1.5730804871142519,49,0.32653061224489793,-0.228899288117792,0.6021568858380075,1.2419485770408907,0.5285341174769638
ema20_dist<=0.00744233 AND ema50_dist>=0.0117799,76,0.5263157894736842,0.28451896065009347,1.554794317287736,1.3993148855589623,36,0.5,0.39188383331505855,1.7487962381884161,1.7487962381884161,22,0.4090909090909091,0.0017040505265664746,1.0034997062887046,1.4494995757503508,0.5284518960650093
ema50_dist>=-0.00668662 AND spy_strength<=0.0941282,127,0.5275590551181102,0.3342200687432085,1.6867442438183857,1.510517233270196,70,0.5,0.2823560895087898,1.5890026821426149,1.5890026821426149,64,0.375,-0.05339042522310171,0.8952796968967187,1.4921328281611979,0.528235608950879
close_location>=0.828223 AND spy_strength<=0.079561,64,0.5,0.2930451248626512,1.556102249926856,1.556102249926856,23,0.5217391304347826,0.27462379772545165,1.6462613388643665,1.5090728939590026,38,0.3157894736842105,-0.2532801209007465,0.6147767990960431,1.3320163980414268,0.5274623797725452
mom21<=-0.0317189 AND ema20_dist<=0.00134722,84,0.5119047619047619,0.2699091989658921,1.5666846290262628,1.4938155765134136,44,0.5,0.30706101600344904,1.6236116483184195,1.6236116483184195,25,0.48,0.175481274697989,1.3823706744563837,1.4975682306610822,0.5269909198965892
spy_strength<=0.0941282 AND stop_pct<=0.0399671,66,0.5151515151515151,0.30696055435018016,1.6057575330622766,1.5113012075880252,26,0.5,0.2689103977411802,1.492988662654875,1.492988662654875,13,0.46153846153846156,0.09713644281313301,1.134871081017354,1.324016261186913,0.526891039774118
body_pct>=0.707092 AND spy_strength<=0.0941282,64,0.5,0.26733218704737133,1.522030963227706,1.522030963227706,31,0.5483870967741935,0.41687295955446935,1.957844248666535,1.6123423224312643,30,0.4,0.07748017359015777,1.1950865688951866,1.79262985334278,0.5267332187047371
qqq_strength<=0.0988458 AND stop_pct<=0.0740393,85,0.5058823529411764,0.20517161673669737,1.361588237722975,1.3299233949852316,33,0.5151515151515151,0.24087396915746212,1.495587270878728,1.4076115490623322,31,0.3870967741935484,-0.003922868781410327,0.9941484482834108,1.5740683764487335,0.5263995146148461
rs63>=0.709861 AND lower_wick<=0.266191,74,0.5,0.29838743869424067,1.5679431712819154,1.5679431712819154,28,0.5,0.25441067299996073,1.492913338122439,1.4929133381224393,16,0.375,0.09096653207253436,1.2644986505229614,2.1074977508716026,0.5254410672999961
mom63>=0.061588 AND ema20_dist<=0.00744233,135,0.5037037037037037,0.25026915133044514,1.476233703393138,1.4545243842255917,62,0.5,0.25797829858471955,1.495030114413024,1.4950301144130238,36,0.4444444444444444,0.0840544184827532,1.2074848883191236,1.5093561103989046,0.5250269151330446
mom63>=0.061588 AND vol_ratio>=0.81839,95,0.5263157894736842,0.32570303831980696,1.6770375603003898,1.5093338042703508,40,0.5,0.22247634588421922,1.4247964959487982,1.4247964959487984,25,0.44,0.07198630436016075,1.16730930392393,1.4856663868122744,0.5222476345884219
lower_wick<=0.478698 AND spy_strength<=0.0941282,139,0.5107913669064749,0.28319769516032917,1.5715562193009172,1.505152435386794,76,0.5,0.2157788360036763,1.431914478152025,1.431914478152025,62,0.41935483870967744,0.04563906627077044,1.0954379960249203,1.5167603021883511,0.5215778836003676
mom126<=0.363629 AND ema50_dist>=0.0117799,70,0.5142857142857142,0.22477705708649942,1.4183123648630651,1.3395172334817838,32,0.5,0.21520197633844587,1.4094019997347267,1.4094019997347267,23,0.5217391304347826,0.28811373956399794,1.7419447804613122,1.5967827154228695,0.5215201976338446
lower_wick<=0.266191 AND close_location<=0.828223,66,0.5151515151515151,0.2372412388906581,1.495390546933887,1.4074263971142467,34,0.5,0.2143637433883561,1.4154603295258772,1.415460329525877,17,0.47058823529411764,0.1389179157843898,1.361669371290727,1.5318780427020677,0.5214363743388356
ema20_dist<=0.00134722 AND ema50_dist>=-0.00668662,119,0.5294117647058824,0.28022758481275395,1.5557104142584872,1.3828537015631,65,0.49230769230769234,0.2669743094329257,1.503101982035899,1.550073918974521,41,0.43902439024390244,0.1077076636256165,1.2613068324267307,1.6116698414341557,0.5190051232509849
vol_ratio>=0.81839 AND stop_pct>=0.0518014,64,0.5,0.27213784009040465,1.612670517467958,1.612670517467958,41,0.5365853658536586,0.1718171423990497,1.3639486299356764,1.1779556349444475,33,0.42424242424242425,0.0034983931258400977,1.0071068166832964,1.3667878226416164,0.517181714239905
body_pct>=0.310082 AND spy_strength<=0.0941282,138,0.5217391304347826,0.30529393268581156,1.6227626790891962,1.4875324558317633,73,0.4931506849315068,0.22642823208169016,1.468536315186562,1.5093289906084109,61,0.3770491803278688,-0.0586302002038699,0.8849660256329075,1.4621177814804558,0.5157935081396758
mom126<=0.124227 AND ema50_dist>=-0.00668662,85,0.5176470588235295,0.3042966652530299,1.6329300521244678,1.5215939122068904,42,0.5,0.13849392698610924,1.2658860221172328,1.2658860221172328,22,0.4090909090909091,0.06567602234719708,1.113770380503579,1.6087794385051697,0.513849392698611
rsi14<=52.9132 AND pa>=5,77,0.5064935064935064,0.24609767241498762,1.5010709609912303,1.4625819619914553,39,0.48717948717948717,0.24691449294141982,1.4912147896901624,1.5696997786212235,19,0.3157894736842105,-0.14813737540997401,0.7016876788088878,1.5203233040859236,0.5117892544209859
mom63>=0.109485 AND body_pct>=0.544288,70,0.5142857142857142,0.3170637709237389,1.6565739169243383,1.5645420326507637,29,0.4827586206896552,0.2701986109164346,1.5034604545738341,1.610850487043394,22,0.3181818181818182,-0.17772336801649116,0.6094789093897739,1.3060262344066584,0.5097784817812987
ema20_dist<=0.00134722 AND stop_pct>=0.0312661,128,0.5234375,0.24806055089226584,1.5021431491477084,1.3676228671344808,76,0.4868421052631579,0.22188254702943644,1.42008967898985,1.4968512832595715,48,0.3541666666666667,-0.11348370376155065,0.7730656746251563,1.409707994904697,0.5090303599661016
lower_wick<=0.478698 AND stop_pct<=0.0740393,177,0.5028248587570622,0.24847755415588704,1.4632526577645764,1.446811616666098,78,0.48717948717948717,0.20216419559645238,1.3854724551021929,1.4583920580023084,39,0.46153846153846156,0.1445835133670838,1.2789377177765386,1.4920940040726283,0.5073959067391324
ema20_dist<=0.00134722 AND stop_pct>=0.0518014,64,0.546875,0.30421135826867823,1.7052339739624305,1.412908149854585,49,0.4897959183673469,0.1757326381743678,1.3372223902543188,1.3929399898482488,32,0.34375,-0.11806814051752511,0.7328474497602632,1.3990724040877751,0.5073691821847837
ema50_dist>=0.00165905 AND qqq_strength<=0.118034,86,0.5116279069767442,0.2709744196903541,1.5194579439387617,1.450391673759727,50,0.48,0.27615553184172104,1.5351086175026412,1.6630343356278614,39,0.3076923076923077,-0.2326760336091035,0.6263179096522916,1.409215296717656,0.5070974419690354
rsi14<=50.5519 AND stop_pct>=0.0518014,68,0.5147058823529411,0.2229719488387403,1.4776570233591881,1.3932194791672348,47,0.48936170212765956,0.17524491248798185,1.3493319223769045,1.4079985276976394,33,0.3333333333333333,-0.1455572704999919,0.6833128346473465,1.366625669294693,0.5068861933764578
mom63>=0.02888 AND vol_ratio>=0.81839,131,0.5038167938931297,0.26978496176070177,1.5264701331346655,1.5033417977841401,64,0.484375,0.19189417569167308,1.3638743004086018,1.4518661907575439,34,0.5294117647058824,0.3600451929877537,1.9541478319145147,1.7370202950351241,0.5035644175691674
mom126>=0.0363288 AND spy_strength<=0.0941282,129,0.5038759689922481,0.23644496886123575,1.4492331719136906,1.4269372769611721,79,0.4810126582278481,0.21846943908518784,1.4501863375495843,1.5646747326192882,66,0.36363636363636365,-0.06434564298561796,0.877259956677765,1.5352049241860888,0.5028596021363669
ema20_dist<=0.00744233 AND ema50_dist>=0.00165905,122,0.5327868852459017,0.30972944377097406,1.6173874529775785,1.4183243818418765,61,0.47540983606557374,0.24948344447847956,1.453863121813118,1.6042627551041302,35,0.4,-0.05709158753819466,0.8868422126833834,1.330263319025075,0.5003581805134217
mom21<=-0.0317189 AND ema50_dist>=-0.00668662,67,0.5074626865671642,0.2623259633719395,1.5124214608003475,1.4679384766591608,38,0.47368421052631576,0.3361981223439622,1.6764267070671173,1.8626963411856856,23,0.5217391304347826,0.3397921376117727,2.1400955420240146,1.9617542468553468,0.4999168068635097
mom63>=0.109485 AND ema50_dist>=0.00165905,96,0.5,0.26152449206214295,1.4971262554190827,1.4971262554190827,38,0.47368421052631576,0.34979207602314133,1.6419426473110743,1.8243807192345274,32,0.34375,-0.26578888429644426,0.5326878138076534,1.016949462723702,0.49983665973253005
atr_pct>=0.0208043 AND ema20_dist<=0.00134722,96,0.53125,0.2758846498340573,1.5931352430710013,1.4057075674155892,69,0.4782608695652174,0.2037306338643744,1.3870892179611314,1.5131882377757795,48,0.3541666666666667,-0.11818770913292491,0.7658614916988626,1.3965709554508672,0.49863393295165487
rsi14<=50.5519 AND ema50_dist>=-0.00668662,112,0.5178571428571429,0.24453029721661387,1.4701481320883965,1.3687586057374725,61,0.47540983606557374,0.2299117961381841,1.4318696684368295,1.5799941168958118,41,0.4146341463414634,0.0444208921142366,1.1014135652901766,1.5549367980567201,0.49840101567939216
mom126<=0.363629 AND stop_pct>=0.0518014,70,0.5142857142857142,0.22243590018572387,1.4732316422857683,1.391385439936559,49,0.4897959183673469,0.06337979845897745,1.125545904735669,1.1724436507663218,39,0.4358974358974359,0.08046199015052502,1.1840253624735166,1.5322681161421983,0.49613389821324466
ema50_dist>=0.0117799 AND spy_strength<=0.0941282,66,0.5454545454545454,0.3829133498437397,1.8261708730570378,1.5218090608808648,28,0.4642857142857143,0.3082075416408658,1.589897330996338,1.83449692038039,36,0.3333333333333333,-0.1893166801139173,0.6629259783679475,1.325851956735895,0.4951064684498009
vol_ratio<=0.964122 AND close_location<=0.828223,65,0.5076923076923077,0.20585265611595677,1.4016998984102078,1.359224143912929,38,0.47368421052631576,0.24701603497845892,1.4816826391565951,1.646314043507328,20,0.4,-0.13420428535278778,0.7680300208834113,1.1520450313251172,0.49426947613791145
mom63>=0.109485 AND mom126<=0.363629,65,0.5076923076923077,0.2436437459242881,1.4728374203843413,1.4282059834029976,23,0.4782608695652174,0.15489748282473717,1.286822089532999,1.4038059158541807,20,0.4,-0.09266207764922006,0.7938034690161401,1.1907052035242103,0.49375061784769114
rsi14<=52.9132 AND ema50_dist>=0.0117799,65,0.5384615384615384,0.28100511971267017,1.5476686975114524,1.3265731692955307,41,0.4634146341463415,0.28019285767823715,1.5031379371844278,1.7404755062135482,26,0.34615384615384615,-0.08696478158307391,0.8262127699354206,1.5606241209891276,0.4914339199141652
mom63>=0.061588 AND ema50_dist>=0.00165905,132,0.5075757575757576,0.26261089164305346,1.499856176782219,1.4550843506096154,62,0.46774193548387094,0.23476320635958434,1.4211493176560155,1.6171699131947763,42,0.38095238095238093,-0.13440271986860242,0.7431290284489557,1.207584671229553,0.4912182561198294
atr_pct>=0.0208043 AND stop_pct<=0.0740393,112,0.5178571428571429,0.2723275994702577,1.5313721606252368,1.4257602874786688,61,0.47540983606557374,0.15573583559588688,1.2979053184116724,1.4321713858335696,39,0.41025641025641024,0.03941433554068123,1.0740762928595433,1.5439846709855933,0.49098341962516245
ema50_dist>=0.00165905 AND stop_pct>=0.0518014,64,0.515625,0.30933872192386036,1.6613763339544156,1.5606868591692997,53,0.4716981132075472,0.1892169407102451,1.3582915484280107,1.5212865342393718,40,0.35,-0.21770244535331776,0.5916080824930827,1.0987007246300107,0.4906198072785717
rsi14<=52.9132 AND stop_pct>=0.0518014,91,0.5054945054945055,0.21077671073430784,1.4192226074306404,1.3883699420517135,67,0.47761194029850745,0.11232673981124729,1.2161100823740794,1.3301204025966493,42,0.38095238095238093,-0.008911683879275059,0.9785705586743372,1.590177157845798,0.48884461427963216
rsi14<=52.9132 AND mom63>=0.061588,128,0.5078125,0.25544907141315804,1.490266076478597,1.444411735663871,66,0.4696969696969697,0.17788576341321902,1.3229286688508999,1.493629142251016,40,0.425,0.05379926585071808,1.1357349146768974,1.5365825316216848,0.48748554603829164
ema50_dist>=0.00165905 AND lower_wick<=0.266191,102,0.5098039215686274,0.2706052696164822,1.5210728492803969,1.4625700473849967,47,0.46808510638297873,0.18203469115625556,1.32725787854704,1.508247589258,32,0.4375,0.06337706823911615,1.1536267436427008,1.4832343846834724,0.48628857549860427
mom126<=0.205921 AND lower_wick<=0.478698,138,0.5144927536231884,0.2599044847774012,1.5226872883337295,1.436902088990984,65,0.47692307692307695,0.08900948475516791,1.163181507257383,1.2757474595726137,37,0.43243243243243246,0.07460845310493244,1.1328818273455297,1.4869073983910077,0.48582402539859376
ema50_dist>=-0.00668662 AND vol_ratio>=0.81839,132,0.5,0.26511530811892925,1.5180874080581481,1.5180874080581481,64,0.46875,0.1504301407436739,1.2774862101648814,1.4478177048535326,40,0.475,0.17733647050901286,1.3935151337912983,1.5402009373482772,0.48379301407436737
mom126<=0.124227 AND stop_pct>=0.0312661,88,0.5,0.27235994899918237,1.5731018537495027,1.5731018537495025,44,0.4772727272727273,0.06375265562974597,1.1178551182707126,1.2243175104869708,26,0.2692307692307692,-0.3275317439947347,0.5494304095128272,1.4913111115348165,0.48364799283570187
spy_strength<=0.0941282 AND stop_pct>=0.0312661,136,0.5220588235294118,0.29841591402592677,1.6169697302412127,1.4803244009250538,77,0.4675324675324675,0.1599269832701854,1.3133565311275255,1.495767160450793,68,0.3382352941176471,-0.13476529394864775,0.7492097230643754,1.4658451103433432,0.4835251658594861
mom21<=-0.0317189 AND atr_pct>=0.0177109,96,0.5104166666666666,0.2651565248785143,1.554611865560075,1.4911583200270109,52,0.46153846153846156,0.21914842457578887,1.4237978848406967,1.6610975323141461,32,0.4375,0.0575034759787761,1.1244339178332126,1.4457007514998446,0.4834533039960405
ema20_dist<=0.00744233 AND ema50_dist>=-0.00668662,170,0.5117647058823529,0.2529733916407862,1.481552005952906,1.413434672345876,84,0.4642857142857143,0.18876449509232276,1.3496624188534043,1.5573027909846973,48,0.4375,0.09829117343631154,1.223379228354077,1.5729161507409564,0.4831621637949466
mom21<=-0.0103349 AND mom126<=0.205921,103,0.5048543689320388,0.21609487547183448,1.414848362807571,1.387639740445887,53,0.4716981132075472,0.11070574728789154,1.2165881683280888,1.3625787485274596,25,0.4,0.024813635222572607,1.037988564964185,1.5569828474462772,0.4827686879363363
mom21>=-0.0532065 AND qqq_strength<=0.0988458,81,0.5185185185185185,0.2479295078803144,1.4482398971051564,1.3447941901690739,34,0.47058823529411764,0.11260509254685072,1.2145166587298042,1.3663312410710298,42,0.3333333333333333,-0.16855911097520532,0.755056152192881,1.510112304385762,0.4818487445488027
mom63>=0.061588 AND close_location<=0.887837,96,0.5,0.26738009706304927,1.518005509085696,1.518005509085696,52,0.46153846153846156,0.1913985148022966,1.3442236839018418,1.5682609645521488,25,0.52,0.3353607325771156,2.0262076187185896,1.870345494201775,0.48067831301869124
close_location>=0.755275 AND qqq_strength<=0.0988458,86,0.5116279069767442,0.2195986895506101,1.4114112149380706,1.3472561597136128,34,0.47058823529411764,0.09349618088744685,1.1867372036392747,1.335079354094184,46,0.30434782608695654,-0.2968733009891826,0.5826162019511045,1.331694175888239,0.4799378533828623
mom126<=0.205921 AND body_pct>=0.310082,137,0.5182481751824818,0.2560186571795105,1.5125495700991793,1.4060319947400821,64,0.46875,0.10085573771526388,1.1914662635533861,1.350328432027171,34,0.38235294117647056,-0.06722033770121966,0.890111630380686,1.4378726336918775,0.4788355737715264
mom126<=0.363629 AND lower_wick<=0.478698,180,0.5055555555555555,0.23993077824262318,1.467815701251117,1.435556015509334,83,0.46987951807228917,0.08577570828182073,1.1559667456995375,1.3041676105328117,57,0.47368421052631576,0.1564451411239825,1.334937115069235,1.483263461188039,0.47845708890047123
rs63>=0.436461 AND stop_pct>=0.0518014,91,0.5054945054945055,0.22868146195001673,1.4731268327411633,1.4411023363772248,75,0.4666666666666667,0.10507762598182097,1.2003487680909526,1.3718271635325172,53,0.37735849056603776,-0.10418346825015372,0.7902683913894032,1.3039428457925153,0.47717442926484877
ema20_dist<=0.00744233 AND stop_pct>=0.0312661,172,0.5174418604651163,0.25630628727461424,1.5115660399890505,1.4096627114504627,91,0.46153846153846156,0.14560522355784347,1.2713677620931323,1.4832623891086545,53,0.37735849056603776,-0.056854377944771405,0.8845163897041447,1.459452043011839,0.47609898389424593
atr_pct>=0.0208043 AND ema20_dist<=0.00744233,123,0.5203252032520326,0.2701093622110682,1.5584046396053375,1.4366542771361706,78,0.46153846153846156,0.14370060826451087,1.2692069149292045,1.4807414007507387,52,0.38461538461538464,-0.04225360470305344,0.9130743517014869,1.460918962722379,0.47590852236491266
body_pct>=0.310082 AND close_location<=0.828223,75,0.5066666666666667,0.22731745877364848,1.4694981791523791,1.430827174437843,41,0.4634146341463415,0.11195141499175282,1.2034212836761613,1.3934351705723975,22,0.45454545454545453,0.022847405444807466,1.0443314737289298,1.2531977684747158,0.47460977564551676
rsi14<=52.9132 AND ema50_dist>=0.00165905,115,0.5391304347826087,0.30446696543733454,1.6076216345158214,1.3742572036990088,70,0.45714285714285713,0.1746408130135867,1.3089788219671277,1.554412351085964,40,0.375,-0.09751372397847884,0.8045538182991475,1.3409230304985793,0.4746069384442158
lower_wick<=0.266191 AND qqq_strength<=0.0988458,66,0.5151515151515151,0.1974222959886538,1.3616507763409451,1.2815536718503011,26,0.46153846153846156,0.12645572335367314,1.2367760785725697,1.4429054250013313,26,0.5,0.3181966090602195,1.7291287103956987,1.7291287103956987,0.4741840338738289
ema50_dist>=0.00165905 AND close_location>=0.828223,104,0.5192307692307693,0.27022204689986346,1.5274762812619422,1.4143298900573538,44,0.45454545454545453,0.18500123467512042,1.348589659034223,1.6183075908410676,35,0.3142857142857143,-0.19829755622734435,0.6473250365265664,1.4123455342397813,0.4730455780129666
body_pct>=0.310082 AND stop_pct<=0.0740393,176,0.5056818181818182,0.23890479198517645,1.4430603920040965,1.4106320685882745,81,0.4567901234567901,0.14423602467271263,1.269473910073376,1.5096446498169878,37,0.43243243243243246,0.06245190597840335,1.1141917237075474,1.4623766373661558,0.47121372592406136
ema20_dist<=0.00744233 AND lower_wick<=0.478698,179,0.5139664804469274,0.27119058628282966,1.5380122512844787,1.4544246289320615,91,0.46153846153846156,0.09654401014285724,1.1730975728289363,1.3686138349670924,51,0.43137254901960786,0.04075628560082438,1.0852785034800208,1.4305943909509367,0.4711928625527473
ema20_dist<=0.00134722 AND stop_pct<=0.0399671,75,0.5066666666666667,0.266755021564814,1.5010687801292184,1.4615669701258178,26,0.46153846153846156,0.08658385109572156,1.1471958060992686,1.3383951071158133,14,0.42857142857142855,-0.0052208157784486365,0.9929780880673064,1.323970784089742,0.47019684664803374
mom126<=0.205921 AND ema50_dist>=0.00165905,84,0.5357142857142857,0.3173483286899634,1.6546525447499258,1.434032205449936,41,0.4634146341463415,0.058904241443858134,1.104692656494981,1.279117812783662,17,0.4117647058823529,-0.10380822179476262,0.8172734234727704,1.1675334621039577,0.46930505829072733
ema20_dist<=0.00134722 AND spy_strength>=0.0633548,126,0.5079365079365079,0.21487636509501504,1.418816748834499,1.3744787254334208,77,0.45454545454545453,0.14473283057280442,1.258436702321014,1.5101240427852165,41,0.4878048780487805,0.18867566495475602,1.4739260414095545,1.5476223434800322,0.469018737602735
vol_ratio<=0.81839 AND close_location<=0.887837,65,0.5384615384615384,0.2902665491030451,1.587041123050339,1.3603209626145762,38,0.4473684210526316,0.21003900900904154,1.4021256521222805,1.7320375702686992,22,0.36363636363636365,0.03104887197503835,1.0746808001345174,1.8806914002354054,0.46837232195353573
mom63>=0.061588 AND rs63<=0.709861,65,0.5230769230769231,0.22902621062059836,1.444411459030217,1.3169633891157864,28,0.4642857142857143,0.04079872663363692,1.0718847966712963,1.2367901500053418,13,0.46153846153846156,0.055255533944152654,1.137755721399894,1.327381674966543,0.468365586949078
vol_ratio>=0.81839 AND spy_strength>=0.0633548,134,0.5074626865671642,0.2728499726275997,1.5489703771696723,1.503412424899976,70,0.45714285714285713,0.10686013036266306,1.1946757401875376,1.418677441472701,38,0.47368421052631576,0.12278050373127848,1.2514819931628764,1.3905355479587516,0.46782887017912345
lower_wick<=0.478698 AND qqq_strength<=0.0988458,86,0.5116279069767442,0.23818747040595895,1.4640906734874406,1.3975410974198297,41,0.4634146341463415,0.0369751512080142,1.0664372127159154,1.2348220357763233,42,0.42857142857142855,0.04459322497518149,1.076669093652633,1.435558791536844,0.4671121492671429
body_pct>=0.310082 AND qqq_strength<=0.0988458,84,0.5357142857142857,0.29202971633304664,1.5861873460656981,1.3746956999236049,37,0.4594594594594595,0.07329576282582224,1.1422676739999111,1.3438443223528367,41,0.3902439024390244,-0.06364616086617451,0.8975972341185756,1.4024956783102744,0.4667890357420417
mom63>=0.109485 AND body_pct>=0.310082,94,0.5,0.27253638888204595,1.546249160444728,1.546249160444728,40,0.45,0.15755245553695002,1.277205789961927,1.5610292988423549,31,0.3548387096774194,-0.1691238737001681,0.6303006551485709,1.1460011911792198,0.465755245553695
rsi14<=52.9132 AND ema50_dist>=-0.00668662,168,0.5059523809523809,0.2329160308642152,1.4403389183477273,1.4064485908571924,93,0.45161290322580644,0.1383073589840745,1.2503346425760065,1.5182634945565794,54,0.42592592592592593,0.08443316408804105,1.1946835252873145,1.610225621039424,0.4654436391242139
atr_pct>=0.0262339 AND ema20_dist<=0.00134722,66,0.5454545454545454,0.35512300879334935,1.8097584413187717,1.50813203443231,53,0.4528301886792453,0.12031927229563683,1.2155710466974685,1.468815014759441,39,0.358974358974359,-0.1010005333236617,0.7850044335474493,1.401793631334731,0.464862115908809
ema50_dist>=-0.00668662 AND close_location>=0.828223,135,0.5111111111111111,0.27676436467470183,1.5473138029162932,1.4800392897460195,58,0.4482758620689655,0.13683701037396248,1.2568357742338176,1.5468747990570064,46,0.3695652173913043,-0.059592926514885,0.8800662811925882,1.5012895385050036,0.46195956310636177
atr_pct>=0.0177109 AND spy_strength<=0.0941282,139,0.5107913669064749,0.2683219499616989,1.5452310528168145,1.4799395998808926,80,0.45,0.1177720328942363,1.2233126138239714,1.4951598613404096,72,0.3333333333333333,-0.1806045650756617,0.6877044736853716,1.3754089473707432,0.4617772032894236
ema20_dist<=-0.00500608 AND stop_pct>=0.0312661,94,0.5106382978723404,0.2670475286001862,1.5485718483835889,1.4840480213676062,51,0.45098039215686275,0.10655768179958683,1.1955969345471538,1.4555093116226216,37,0.3783783783783784,-0.09250377536221122,0.8020419009268744,1.3176402658084365,0.4616361603368214
ema20_dist<=-0.00500608 AND spy_strength<=0.0941282,72,0.5138888888888888,0.27564026750566517,1.5718804869232734,1.48691397411661,38,0.4473684210526316,0.13358396379391885,1.2518421956073782,1.5463933004561732,34,0.35294117647058826,-0.12381869133357093,0.7654162679195953,1.4032631578525914,0.4607268174320235
mom126<=0.363629 AND ema50_dist>=0.00165905,122,0.5163934426229508,0.25477496213244566,1.4918756247676235,1.3971533628776156,55,0.45454545454545453,0.05738456574073255,1.1001433672464278,1.3201720406957136,36,0.4722222222222222,0.07276201412647924,1.1585914032791595,1.2948962742531784,0.46028391111952777
close_location<=0.887837 AND spy_strength<=0.0941282,103,0.5048543689320388,0.23895884713592158,1.4733586495490978,1.4450248293654615,56,0.44642857142857145,0.13496287979612107,1.2461271800337035,1.5451977032417923,41,0.36585365853658536,-0.06588776690891272,0.8801833865881636,1.5256512034194838,0.45992485940818356
rsi14<=52.9132 AND atr_pct>=0.0208043,131,0.5190839694656488,0.26316787208119763,1.5420783663821882,1.4286902512070276,89,0.449438202247191,0.10147295552137718,1.1852896504323767,1.4519798217796616,60,0.38333333333333336,-0.023951760657477512,0.9497522763313017,1.5278623575764418,0.4595854977993287
atr_pct>=0.0208043 AND ema50_dist>=0.0117799,77,0.5064935064935064,0.3031541075629727,1.6288675406728397,1.5871017062966133,48,0.4375,0.21916641832644293,1.3898921647896039,1.787004211872348,39,0.358974358974359,-0.12449869617574208,0.7721637381372252,1.3788638181021875,0.4594166418326443
ema20_dist<=0.00134722 AND body_pct>=0.310082,128,0.5234375,0.2605574553910648,1.5245333721689,1.38800799555676,69,0.4492753623188406,0.09713263544155276,1.1749020081775179,1.4402024616369573,43,0.37209302325581395,-0.10908835014701278,0.7828155027300744,1.3210011608570005,0.4589886258629958
mom63>=0.061588 AND lower_wick<=0.478698,132,0.5075757575757576,0.28141735487068203,1.5555804352346383,1.5091451983619624,62,0.45161290322580644,0.07033669882319189,1.12310522230883,1.3637706270892938,39,0.46153846153846156,0.09281695320768052,1.254355774477828,1.4634150702241329,0.4586465731081256
ema20_dist<=0.00744233 AND body_pct>=0.310082,178,0.5056179775280899,0.23694688873779696,1.4574419695248542,1.4250543702020797,89,0.449438202247191,0.08859016650730886,1.1605953892208094,1.4217293517954914,48,0.375,-0.08979329638314859,0.8260489498009651,1.3767482496682752,0.4582972188979219
rs63<=0.559554 AND ema20_dist<=0.00134722,63,0.5238095238095238,0.24679096255123362,1.5041002398972754,1.3673638544520685,22,0.45454545454545453,0.029910170233096743,1.0545091416398757,1.265410969967851,19,0.2631578947368421,-0.3445937226699726,0.5354687765094787,1.4993125742265403,0.4575364715687642
rsi14<=48.857 AND ema50_dist>=-0.00668662,62,0.532258064516129,0.32656883988049906,1.6282760963328775,1.430909296777377,38,0.4473684210526316,0.09903243178840744,1.1775704053876936,1.4546457948906801,25,0.52,0.36840696729006195,2.393411599510039,2.2093030149323436,0.4572716642314723
mom63>=0.061588 AND atr_pct>=0.0262339,81,0.5185185185185185,0.35293296833889914,1.7690535409334307,1.6426925737239,56,0.44642857142857145,0.10753208968236645,1.1884727602417184,1.4737062226997306,42,0.38095238095238093,-0.13414150272000006,0.7085884677757407,1.1514562601355787,0.4571817803968081
atr_pct>=0.0208043 AND ema50_dist>=0.00165905,108,0.5370370370370371,0.35648792783980077,1.7895170326886434,1.5426870971453823,68,0.4411764705882353,0.14435587136220607,1.2548145509927477,1.589431764590814,52,0.38461538461538464,-0.10408597247260086,0.800830478106867,1.2813287649709875,0.4556120577244559
ema50_dist>=0.00165905 AND stop_pct>=0.0399671,96,0.5104166666666666,0.2696674911417073,1.5440441538519747,1.4810219434906695,66,0.4393939393939394,0.1557644053487121,1.2810718579459075,1.634470991172365,49,0.3673469387755102,-0.15027100922271958,0.715435256446279,1.2321384972130363,0.4549703799288106
ema50_dist>=-0.00668662 AND stop_pct>=0.0312661,175,0.5085714285714286,0.26438822556478253,1.5240166699609574,1.4726453215353073,95,0.4421052631578947,0.12811240473524568,1.2332268246252633,1.5562148025033087,66,0.4090909090909091,0.006856341151045639,1.0144268295229206,1.465283198199774,0.4549165036314193
ema20_dist<=0.00134722 AND lower_wick<=0.478698,129,0.5271317829457365,0.2867655735715603,1.590064174778455,1.426381097963026,74,0.44594594594594594,0.07190808136781901,1.1259143579742246,1.398863293240703,46,0.41304347826086957,-0.00679603033565591,0.9859446861641058,1.4010792908647818,0.45313675408272786
vol_ratio<=0.964122 AND stop_pct>=0.0312661,137,0.5036496350364964,0.2588003906705395,1.5196479214027216,1.4976240384838415,73,0.4383561643835616,0.14430119338618444,1.2598659154090335,1.6142032041178243,49,0.3673469387755102,-0.08511248130516419,0.8266929833015921,1.4237490267971866,0.45278628372218005
mom21<=-0.0317189 AND stop_pct>=0.0518014,65,0.5230769230769231,0.27355852138538655,1.6154977312045196,1.472953813745297,36,0.4444444444444444,0.0770107181585309,1.1436408119624555,1.4295510149530695,27,0.4074074074074074,0.053716476758856345,1.1318048587784197,1.6462616127686103,0.45214551626029753
vol_ratio>=0.964122 AND spy_strength>=0.0633548,89,0.5056179775280899,0.2476823023634812,1.4804996423536356,1.4475996503013326,47,0.44680851063829785,0.04974064782412135,1.0893353480551133,1.3487009071158547,27,0.48148148148148145,0.23420076893650052,1.5034132632389787,1.6190604373342847,0.45178257542071
ema20_dist<=0.00134722 AND vol_ratio<=0.964122,105,0.5238095238095238,0.2773348612633707,1.5587469646094985,1.417042695099544,53,0.4339622641509434,0.17742114615320467,1.3040338771450632,1.7009137527979088,32,0.40625,-0.10316386543660923,0.7869605861615868,1.1501731643900115,0.4517043787662639
close_location<=0.887837 AND qqq_strength<=0.118034,109,0.5045871559633027,0.21710185072690533,1.4224519871544052,1.3965892237515978,57,0.43859649122807015,0.12929655479669652,1.2330326335608393,1.5782817709578743,34,0.3235294117647059,-0.09291198957551937,0.8512490296354892,1.7798843346923865,0.45152614670773983
mom126<=0.205921 AND stop_pct>=0.0312661,130,0.5076923076923077,0.2351447896942586,1.4709394625266092,1.4263655394197423,60,0.45,0.014621242389323674,1.0269983531569844,1.2552202094140918,37,0.3783783783783784,-0.03174246262827509,0.9442997308175131,1.5513495577716285,0.4514621242389324
vol_ratio<=0.964122 AND close_location<=0.887837,99,0.5353535353535354,0.31390186034046397,1.6615640112131955,1.4421121606756038,55,0.43636363636363634,0.14900807130870933,1.274410321860576,1.6461133324032438,34,0.35294117647058826,-0.11202209799704989,0.7933604941866825,1.4544942393422513,0.4512644434945073
ema50_dist>=0.0117799 AND stop_pct>=0.0312661,85,0.5529411764705883,0.3886629431360341,1.844408952664478,1.4912242596010672,51,0.43137254901960786,0.19640386068111354,1.3444163148026442,1.7721851422398491,40,0.375,-0.073715240549691,0.8616399486238833,1.4360665810398054,0.4510129350877192
atr_pct>=0.0262339 AND ema20_dist<=0.00744233,80,0.5375,0.35531887979747107,1.7861253992752326,1.5368985993763629,59,0.4406779661016949,0.0793006182966459,1.142606991097859,1.4502319502395902,41,0.3902439024390244,-0.031590556856138596,0.9293060304921508,1.4520406726439856,0.4486080279313595
vol_ratio<=1.21384 AND close_location<=0.887837,131,0.5114503816793893,0.25955098123734865,1.5201942076873731,1.452125810328237,69,0.43478260869565216,0.1365393759308304,1.246382243303967,1.6202969162951573,41,0.36585365853658536,-0.0822038193854728,0.8506914257741203,1.4745318046751417,0.4484365462887352
ema50_dist>=0.0117799 AND close_location>=0.828223,71,0.5070422535211268,0.255364761621656,1.4822926831828613,1.4411178864277818,28,0.42857142857142855,0.19735833981035153,1.3517476171264158,1.8023301561685543,28,0.25,-0.2797698414142027,0.5441127132340707,1.632338139702212,0.4483072625524637
atr_pct>=0.0208043 AND spy_strength>=0.0633548,133,0.5037593984962406,0.2472677822958373,1.503021873356822,1.480588711067914,91,0.43956043956043955,0.08375266558794438,1.1481115335715246,1.463842205303694,48,0.4791666666666667,0.14281359694983334,1.40552921514683,1.527749146898728,0.447935706119234
atr_pct>=0.0208043 AND spy_strength<=0.0941282,107,0.5046728971962616,0.24997636941192172,1.515385540216333,1.4873228450271416,66,0.4393939393939394,0.08082837311362231,1.1512879099198476,1.468884574725323,67,0.3283582089552239,-0.16891180170968567,0.6923605321924478,1.4161919976663704,0.4474767767053016
rs63>=0.436461 AND lower_wick<=0.478698,181,0.5027624309392266,0.23660149670116043,1.4555105317494281,1.4395159105214124,104,0.4423076923076923,0.05165614037273383,1.0907372327239815,1.3752773803911071,67,0.44776119402985076,0.06528416878629292,1.1376215792152802,1.4030666143655124,0.4474733063449657
ema50_dist>=0.00165905 AND stop_pct>=0.0312661,126,0.5476190476190477,0.3623949745329969,1.7852083891308703,1.4747373649341973,76,0.4342105263157895,0.1277390481691167,1.2226234009606658,1.593115340645716,53,0.39622641509433965,-0.06149848759498783,0.8789623892693466,1.3393712598390044,0.44698443113270114
ema50_dist>=0.00165905 AND spy_strength<=0.110158,131,0.5038167938931297,0.24022199182916773,1.4535385705639834,1.4315152588887716,83,0.43373493975903615,0.1255505653740363,1.216940399500117,1.5887832993473752,53,0.3584905660377358,-0.142076291408704,0.7428616547897015,1.3293313822552553,0.4462899962964398
rs63>=0.436461 AND atr_pct>=0.0208043,140,0.5071428571428571,0.2611105121451071,1.5366596131624306,1.493373426876165,96,0.4375,0.07910884206203479,1.142593308898862,1.4690485400128226,69,0.4057971014492754,-0.025234938237246814,0.9492841277800158,1.3900231871064517,0.4454108842062035
mom126<=0.363629 AND stop_pct>=0.0312661,168,0.5119047619047619,0.24168006803157188,1.4854953340485133,1.416402527813699,79,0.4430379746835443,0.014730462082143873,1.0266095438459824,1.2905948551206634,59,0.423728813559322,0.05341302420086825,1.1086588501050743,1.507776036142901,0.44451102089175865
body_pct>=0.310082 AND spy_strength<=0.079561,94,0.5106382978723404,0.2843768617559568,1.5664254581937374,1.5011577307689983,32,0.4375,0.06689338724096223,1.1258724548027634,1.4475502990321245,41,0.36585365853658536,-0.11878034422879519,0.8106640068590873,1.4051509452224182,0.4441893387240962
atr_pct>=0.0208043 AND ema50_dist>=-0.00668662,131,0.5190839694656488,0.28960450306366725,1.5948143190882058,1.4775485603317202,83,0.43373493975903615,0.09835080149500683,1.177310863227783,1.537044738102939,65,0.4,-0.02616203400110583,0.9462072532484053,1.4193108798726077,0.44357001990853684
mom63>=0.109485 AND close_location>=0.828223,72,0.5138888888888888,0.3089775593006212,1.6005895257652891,1.5140711730212195,21,0.42857142857142855,0.14754473612982283,1.2488154322075193,1.6650872429433592,27,0.2222222222222222,-0.48693356681848915,0.18960452831752164,0.6636158491113258,0.4433259021844108
mom126<=0.205921 AND rs63>=0.559554,77,0.5194805194805194,0.2198322836701646,1.4232672898096843,1.316522243073958,43,0.4418604651162791,0.009009639243010526,1.0155591152258183,1.282811513969455,22,0.45454545454545453,0.05439196015478031,1.1033394822991434,1.324007378758972,0.44276142904058013
mom21>=-0.0103349 AND body_pct<=0.707092,73,0.5068493150684932,0.29788575994189653,1.5935066315225666,1.5504388847246593,39,0.4358974358974359,0.0684113999298807,1.1212721028771306,1.4510580154880517,23,0.43478260869565216,0.034999945985660384,1.0623337709599951,1.3810339022479938,0.442738575890424
ema50_dist>=0.00165905 AND lower_wick<=0.478698,132,0.5227272727272727,0.3163189832516913,1.6416137655876597,1.4988647424930805,69,0.43478260869565216,0.06951408523273458,1.118666728591498,1.4542667471689474,44,0.45454545454545453,0.053007021762055254,1.1203929149061698,1.344471497887404,0.44173401721892563
mom126>=0.0363288 AND ema20_dist<=-0.00500608,94,0.5,0.26897910384976603,1.5163125593549864,1.5163125593549864,53,0.4339622641509434,0.056902401989961764,1.1017000714879925,1.4370000932452076,33,0.42424242424242425,0.047949857363729205,1.1132281546255696,1.510809638420416,0.4396525043499396
mom63>=0.061588 AND ema20_dist<=-0.00500608,73,0.5068493150684932,0.26530777349744256,1.5310839281506428,1.4897032814438689,37,0.43243243243243246,0.06802090435239878,1.116011103257581,1.4647645730255752,25,0.48,0.11469504064129298,1.3302212969466027,1.4410730716921532,0.43923452286767234
rs63>=0.436461 AND ema20_dist<=-0.00500608,94,0.5106382978723404,0.2503896273871878,1.5000520737409222,1.4375499040017172,53,0.4339622641509434,0.05065486252509422,1.0898305542213698,1.4215181142017868,35,0.45714285714285713,0.04347924366051652,1.0922423852829408,1.2970378325234921,0.4390277504034528
lower_wick<=0.478698 AND stop_pct<=0.0518014,131,0.5038167938931297,0.2707879245846408,1.5074701019670382,1.4846296458766286,45,0.4222222222222222,0.14283754510844315,1.2370930298970295,1.6928641461748823,23,0.4782608695652174,0.1624041293720713,1.272714780482908,1.3884161241631725,0.4365059767330665
qqq_strength<=0.0988458 AND osc>=2,105,0.5047619047619047,0.21937968292199364,1.4145159958803792,1.3878270148260325,46,0.43478260869565216,0.006293194238162272,1.0110524211453296,1.3143681474889284,45,0.35555555555555557,-0.17784963634279025,0.7407975310273418,1.3426955249870571,0.4354119281194684
qqq_strength<=0.0988458 AND osc>=2,105,0.5047619047619047,0.21937968292199364,1.4145159958803792,1.3878270148260325,46,0.43478260869565216,0.006293194238162272,1.0110524211453296,1.3143681474889284,45,0.35555555555555557,-0.17784963634279025,0.7407975310273418,1.3426955249870571,0.4354119281194684
qqq_strength<=0.0988458 AND osc>=2,105,0.5047619047619047,0.21937968292199364,1.4145159958803792,1.3878270148260325,46,0.43478260869565216,0.006293194238162272,1.0110524211453296,1.3143681474889284,45,0.35555555555555557,-0.17784963634279025,0.7407975310273418,1.3426955249870571,0.4354119281194684
ema20_dist<=0.00134722 AND body_pct<=0.707092,112,0.5178571428571429,0.24464821104249848,1.4735794865505438,1.3719533150642995,58,0.43103448275862066,0.03900257837250959,1.064851015880216,1.4056033409618853,35,0.42857142857142855,-0.06020679788011739,0.8960550288431819,1.1947400384575757,0.4349347405958716
lower_wick<=0.266191 AND spy_strength<=0.079561,78,0.5128205128205128,0.26388482941082525,1.5044437643481505,1.429221576130743,21,0.42857142857142855,0.05844259497377625,1.1037168757280136,1.471622500970685,26,0.46153846153846156,0.23125424298839464,1.5189828724009826,1.7721466844678129,0.43441568806880615
ema50_dist>=0.0117799 AND lower_wick<=0.266191,69,0.5362318840579711,0.32380654301286393,1.639821931265639,1.4182243729864985,33,0.42424242424242425,0.09875886500608724,1.1643067172250352,1.5801305448054046,24,0.4583333333333333,0.17588161081248618,1.4704723745134434,1.737830988061342,0.434118310743033
atr_pct>=0.0208043 AND ema20_dist<=-0.00500608,75,0.5333333333333333,0.3093768453622158,1.6816573155898265,1.4714501511410985,49,0.42857142857142855,0.048374470237079185,1.085283382990789,1.4470445106543854,37,0.3783783783783784,-0.09250377536221122,0.8020419009268744,1.3176402658084365,0.43340887559513647
ema50_dist>=0.00165905 AND body_pct<=0.820836,132,0.5075757575757576,0.271873682669361,1.5317752344872007,1.486050600621911,76,0.42105263157894735,0.11818263091976075,1.2002507650304155,1.6503448019168212,46,0.45652173913043476,0.0478387851112307,1.0975828125450888,1.30664620541082,0.43287089467092343
atr_pct>=0.0262339 AND vol_ratio<=1.21384,94,0.5,0.28179636736210095,1.5899724847640608,1.5899724847640608,66,0.42424242424242425,0.08372997979296651,1.1489506334993895,1.5592901454634573,57,0.3508771929824561,-0.1348957527478209,0.7333337348483782,1.3566674094694995,0.4326154222217209
atr_pct>=0.0208043 AND body_pct<=0.820836,134,0.5074626865671642,0.2818405626662699,1.5810174712781595,1.5345169574170372,85,0.4235294117647059,0.0766843829823577,1.1333142586095777,1.5425666297741476,63,0.36507936507936506,-0.12500486720740944,0.770366700525599,1.3397681748271286,0.43119785006294165
ema20_dist<=-0.00500608 AND ema50_dist>=-0.00668662,72,0.5277777777777778,0.3013270329969241,1.592890749623902,1.4252180391371754,40,0.425,0.060941439503221694,1.1052989225765697,1.4954044246624179,28,0.4642857142857143,0.1298607213937964,1.3650646473291899,1.5750745930721424,0.43109414395032214
mom126<=0.363629 AND atr_pct>=0.0262339,65,0.5538461538461539,0.3616727014191349,1.8158963526639647,1.4628053952015272,44,0.4318181818181818,-0.008832905385166175,0.9842061900354592,1.295008144783499,42,0.40476190476190477,-0.00558708596601992,0.9883866671018116,1.4535098045614876,0.4309348912796652
rs63>=0.436461 AND ema50_dist>=0.00165905,147,0.5034013605442177,0.2582568639678177,1.4953516703811414,1.475144215375991,83,0.42168674698795183,0.09162047599794255,1.1550162980812755,1.5840223516543206,51,0.43137254901960786,-0.01177423224850403,0.9766785670301791,1.2874399292670542,0.4308487945877461
atr_pct>=0.0177109 AND ema20_dist<=-0.00500608,93,0.5053763440860215,0.25800084090586883,1.5246658834050841,1.4922261837581674,54,0.42592592592592593,0.048072110112570496,1.084771003618891,1.4620826570515484,39,0.38461538461538464,-0.11488720267309183,0.7763582584489758,1.2421732135183612,0.43073313693718296
ema20_dist<=0.00134722 AND body_pct<=0.544288,81,0.5185185185185185,0.27151252738368103,1.536153584227864,1.426428328211588,40,0.425,0.05210220396500187,1.0839787372213954,1.4665594680054175,24,0.4166666666666667,-0.07279699258532173,0.8821268435159524,1.2349775809223333,0.4302102203965002
atr_pct>=0.0177109 AND ema50_dist>=0.0117799,95,0.5052631578947369,0.2533479688813792,1.4927408127532982,1.4616420458209378,53,0.41509433962264153,0.14859187236033433,1.2522212975782603,1.7644936465875485,40,0.375,-0.08443147971000498,0.8415260700049793,1.4025434500082985,0.42995352685867494
ema20_dist<=-0.00500608 AND osc>=2,105,0.5047619047619047,0.25967101014572314,1.51913195032382,1.4904690833365783,54,0.42592592592592593,0.036353752524343426,1.064043259829154,1.4341452632479903,36,0.3888888888888889,-0.15271891168901047,0.710199880965053,1.1160283843736547,0.4295613011783603
ema20_dist<=-0.00500608 AND osc>=2,105,0.5047619047619047,0.25967101014572314,1.51913195032382,1.4904690833365783,54,0.42592592592592593,0.036353752524343426,1.064043259829154,1.4341452632479903,36,0.3888888888888889,-0.15271891168901047,0.710199880965053,1.1160283843736547,0.4295613011783603
ema20_dist<=-0.00500608 AND osc>=2,105,0.5047619047619047,0.25967101014572314,1.51913195032382,1.4904690833365783,54,0.42592592592592593,0.036353752524343426,1.064043259829154,1.4341452632479903,36,0.3888888888888889,-0.15271891168901047,0.710199880965053,1.1160283843736547,0.4295613011783603
lower_wick<=0.478698 AND close_location<=0.828223,88,0.5227272727272727,0.28729146389183113,1.6209040275374458,1.4799558512298416,49,0.42857142857142855,0.002457464959785131,1.0040689701844216,1.3387586269125622,29,0.4827586206896552,0.11698601800020733,1.2350523362704082,1.3232703602897231,0.4288171750674071
spy_strength<=0.0941282 AND qqq_strength<=0.0988458,94,0.5106382978723404,0.24959935582788573,1.4878390718766916,1.4258457772151627,49,0.42857142857142855,0.0021795941974196388,1.003909612069178,1.3385461494255704,55,0.34545454545454546,-0.15846549734467127,0.7650641485231222,1.4495952287806526,0.4287893879911705
lower_wick<=0.478698 AND spy_strength>=0.0633548,179,0.5083798882681564,0.27375539461629955,1.5523325591041819,1.5011567604523954,101,0.42574257425742573,0.027531463619759014,1.0471892591815095,1.412487837965757,50,0.5,0.15881370882249643,1.409651162373184,1.4096511623731838,0.4284957206194016
qqq_strength<=0.0988458 AND stop_pct>=0.0312661,93,0.5161290322580645,0.2197202913147668,1.4286031820108687,1.3393154831351892,42,0.42857142857142855,-0.002113940162555051,0.9961407655903719,1.3281876874538292,48,0.3125,-0.22500517277668355,0.6624912994062196,1.4574808586936834,0.428360034555173
atr_pct>=0.0262339 AND ema20_dist>=-0.0124003,76,0.5,0.28307135097329295,1.57115834515555,1.5711583451555498,57,0.42105263157894735,0.07142847815874663,1.1259546030791592,1.5481875792338438,40,0.325,-0.16865580438049138,0.7237170078859458,1.5031045548400415,0.428195479394822
mom21>=-0.0317189 AND lower_wick<=0.478698,133,0.5037593984962406,0.2728246268558609,1.524929944276539,1.502169795854501,68,0.4264705882352941,0.010680921519454475,1.0180215936852384,1.369063522542217,45,0.4,-0.017630161581134167,0.9664196951292796,1.4496295426939192,0.4275386803872395
mom21<=-0.0317189 AND atr_pct>=0.0208043,78,0.5128205128205128,0.289422576923917,1.6475340929121363,1.5651573882665295,48,0.4166666666666667,0.09725123827484082,1.1736014968308357,1.64304209556317,31,0.45161290322580644,0.147907059450402,1.3807336565377235,1.676605154367236,0.42639179049415077
atr_pct>=0.0262339 AND ema50_dist>=0.00165905,73,0.5753424657534246,0.5074149697761712,2.2679658055261074,1.6739747612216507,55,0.41818181818181815,0.08144295848968523,1.1389559088517536,1.584634307967657,46,0.34782608695652173,-0.20531542535311562,0.6296365878533489,1.1805686022250292,0.4263261140307867
mom63>=0.109485 AND atr_pct>=0.0262339,68,0.5,0.3038145884786347,1.6444685781317352,1.6444685781317352,41,0.4146341463414634,0.11122202893428275,1.1843972935323108,1.6720902967514977,35,0.34285714285714286,-0.2288953954619072,0.5527636911906821,1.0594637414488073,0.4257563492348917
mom126<=0.205921 AND atr_pct>=0.0177109,122,0.5081967213114754,0.22414969900404622,1.4474765972048513,1.4007838037466303,63,0.42857142857142855,-0.032596707127982336,0.9420290301791024,1.2560387069054697,40,0.35,-0.1623720805324568,0.751972811899449,1.396520936384691,0.4253117578586303
rs63<=0.709861 AND ema20_dist<=0.00134722,101,0.5247524752475248,0.23246157573308926,1.474826024200682,1.335691493615712,54,0.42592592592592593,-0.00785498830876876,0.9867110827045401,1.3299149375582933,31,0.3548387096774194,-0.11198387078779165,0.8240114947363829,1.4982027177025143,0.42514042709504907
atr_pct>=0.0262339 AND close_location<=0.887837,65,0.5538461538461539,0.4156444723783273,1.9325004116245779,1.5567364426975765,53,0.41509433962264153,0.09159935480470273,1.1625889382078476,1.6381935038383308,36,0.3611111111111111,-0.03527242170019408,0.9272237174904485,1.6404727309446399,0.4242542751031118
spy_strength<=0.079561 AND stop_pct>=0.0312661,93,0.5053763440860215,0.27407532271816915,1.552548860940729,1.519515906452628,38,0.42105263157894735,0.029559021039643866,1.0537488582643664,1.4489046801135037,48,0.2916666666666667,-0.28344262780015234,0.5779841837407003,1.4036758747988436,0.42400853368291175
mom126<=0.363629 AND atr_pct>=0.0208043,114,0.5175438596491229,0.2447912673408138,1.5042584600698266,1.402274835658313,63,0.42857142857142855,-0.053352473349246345,0.9053275944058257,1.2071034592077674,57,0.42105263157894735,0.03615128921928124,1.0731072337004166,1.4755224463380727,0.4232361812365039
mom21<=-0.0103349 AND rs63<=0.559554,71,0.5070422535211268,0.24215769802720072,1.4929807608738819,1.4515090730718296,31,0.41935483870967744,0.036454483170633344,1.0682363353759299,1.479096464366672,20,0.3,-0.22630159738924965,0.6883979443702097,1.606261870197156,0.42300028702674075
atr_pct>=0.0262339 AND qqq_strength<=0.118034,68,0.5294117647058824,0.3399937408450614,1.7371847400362184,1.5441642133655276,50,0.42,0.023597835189255466,1.0430417742864155,1.4403910216336213,46,0.2826086956521739,-0.26718414255783257,0.5636835317854104,1.4308889653014265,0.42235978351892556
ema50_dist>=0.00165905 AND close_location<=0.887837,96,0.5208333333333334,0.3074515895707343,1.6112496056525987,1.4823496372003908,58,0.41379310344827586,0.08561313721193622,1.1410688720343063,1.6165142353819337,30,0.5,0.15272135775789958,1.345038786068281,1.345038786068281,0.4223544171694695
ema20_dist<=0.00134722 AND lower_wick>=0.136428,110,0.509090909090909,0.2348409144080961,1.4411805917301135,1.389709856311181,53,0.41509433962264153,0.0684962127152311,1.1102668743967121,1.5644669593771854,36,0.3888888888888889,-0.17809413792208478,0.7104083944277584,1.1163560483864776,0.42194396089416464
mom63>=0.109485 AND lower_wick<=0.478698,87,0.5172413793103449,0.3218504301654835,1.672198643162108,1.5607187336179678,41,0.4146341463414634,0.06852795562465015,1.113564927679236,1.5720916626059802,32,0.40625,-0.05343882199700348,0.8699381425890028,1.2714480545531581,0.42148694190392844
mom21>=-0.0103349 AND stop_pct>=0.0312661,80,0.5375,0.3899909507248444,1.8902604178906801,1.6265031502780272,43,0.4186046511627907,0.024010382368436282,1.0414446382567613,1.4464508864677241,32,0.375,-0.06598622069700141,0.8788148285171906,1.4646913808619844,0.42100568939963434
rsi14>=46.0741 AND atr_pct>=0.0262339,93,0.5053763440860215,0.29198193434550357,1.594590027009102,1.5606625796259297,65,0.4153846153846154,0.05355052591383075,1.0929788593203968,1.5382665427472253,56,0.3392857142857143,-0.14478312212681774,0.7286899872679131,1.4190278699427783,0.4207396679759985
rsi14<=52.9132 AND atr_pct>=0.0262339,91,0.5274725274725275,0.3244223220985049,1.6951453865325523,1.518567742102078,67,0.417910447761194,0.02780542989378509,1.047912458667595,1.45959235314415,48,0.3958333333333333,0.010209966748903676,1.0237671640003307,1.5625919871583998,0.42069099075057254
body_pct<=0.820836 AND stop_pct>=0.0312661,178,0.5056179775280899,0.2696449318519801,1.5419374808142874,1.5076722034628587,94,0.4148936170212766,0.05520242418602819,1.0943213072732814,1.5432736384623198,65,0.36923076923076925,-0.10437787218022465,0.8067695036143351,1.3782312353411557,0.4204138594398794
ema20_dist<=-0.00500608 AND lower_wick<=0.478698,90,0.5111111111111111,0.30266784982863876,1.6345681869688649,1.5635000049267405,48,0.4166666666666667,0.036403908731656165,1.063171741991056,1.4884404387874783,33,0.42424242424242425,-0.039949201905761,0.9151010782163496,1.2419228918650456,0.42030705753983233
atr_pct>=0.0177109 AND ema50_dist>=0.00165905,136,0.5147058823529411,0.27225502140842023,1.5450030228992846,1.4567171358764683,80,0.4125,0.06746757074053997,1.1126365164681196,1.5846641295152006,54,0.3888888888888889,-0.0921512490826217,0.8236469844133661,1.2943024040781466,0.41924675707405396
ema50_dist>=0.00165905 AND body_pct>=0.310082,137,0.5109489051094891,0.2681659663411178,1.52984319497406,1.4642784866180287,70,0.4142857142857143,0.04378418831695256,1.074612254217711,1.519279393894005,45,0.4222222222222222,0.002806062164286664,1.0060727474161522,1.3767311280431556,0.4186641331174096
rsi14<=48.857 AND lower_wick<=0.478698,88,0.5113636363636364,0.2609576679289473,1.5128172898183543,1.4455809658264276,55,0.41818181818181815,-0.0008932039153806824,0.998471740976542,1.3891780744021454,31,0.45161290322580644,0.10301433989182078,1.2411947380048465,1.5071650390058853,0.41809249779028007
lower_wick<=0.478698 AND close_location<=0.948283,176,0.5,0.27050659080639194,1.5437902821955818,1.5437902821955818,98,0.41836734693877553,-0.007843008021698683,0.9869707147591402,1.3721300180797802,56,0.44642857142857145,0.05997814715537505,1.1238346775692776,1.393555000185904,0.4175830461366057
mom126<=0.205921 AND atr_pct>=0.0208043,84,0.5476190476190477,0.31725287381008044,1.708370847486571,1.4112628740106457,47,0.425531914893617,-0.08393715259246179,0.8503215149512511,1.147934045184189,35,0.37142857142857144,-0.06472045884566782,0.88824487887474,1.503183641172637,0.4171381996343708
ema50_dist>=-0.00668662 AND close_location<=0.887837,135,0.5037037037037037,0.2604728282702941,1.496243039792988,1.4742394656783855,73,0.410958904109589,0.06097818254760259,1.102098221597695,1.579674117623363,39,0.46153846153846156,0.19547936852746667,1.4561275657641974,1.6988154933915638,0.41705672236434926
ema20_dist<=-0.00500608 AND body_pct>=0.310082,88,0.5113636363636364,0.2801499878677658,1.5759428851930222,1.5059009791844433,46,0.41304347826086957,0.03877919155283889,1.066804178830203,1.5159848857060778,31,0.3870967741935484,-0.13420263893281414,0.7204945984709592,1.1407831142456855,0.41692139741615347
mom126<=0.205921 AND ema20_dist<=0.00134722,102,0.5098039215686274,0.17546494309773442,1.3346240163757936,1.283292323438263,45,0.4222222222222222,-0.05328256057311088,0.9105103907184491,1.2459615872989303,29,0.3793103448275862,-0.06634765064442175,0.8928501493467527,1.4610275171128682,0.41689396616491115
body_pct<=0.820836 AND lower_wick<=0.478698,168,0.5059523809523809,0.28385087139467435,1.5730229947030596,1.5360106889453407,89,0.4157303370786517,0.010585530229719456,1.0175228571213641,1.430032123521917,56,0.42857142857142855,0.0014460930590219872,1.0028698941101526,1.3371598588135367,0.4167888901016236
atr_pct>=0.0208043 AND vol_ratio<=0.964122,104,0.5192307692307693,0.3076933265015811,1.651434031498327,1.5291055847206731,66,0.4090909090909091,0.07663209707407215,1.1316375055068817,1.6345875079543848,49,0.3673469387755102,-0.09013719961484964,0.8183204283360038,1.4093296265786732,0.4167541187983163
mom21>=-0.0532065 AND atr_pct>=0.0262339,71,0.5070422535211268,0.3184620845253715,1.6589821169277543,1.612899280346428,53,0.41509433962264153,0.014136609168731518,1.0239798651998608,1.4428807191452582,44,0.3409090909090909,-0.1808828078744079,0.6697306713550022,1.2948126312863373,0.4165080005395147
atr_pct>=0.0262339 AND pa<=4,68,0.5294117647058824,0.3773111254448454,1.80992206757514,1.6088196156223467,51,0.4117647058823529,0.027415292978963397,1.0469966439720972,1.4957094913887106,44,0.3409090909090909,-0.15821938991117443,0.717357110617387,1.3868904138602818,0.41450623518024926
atr_pct>=0.0262339 AND pa<=4,68,0.5294117647058824,0.3773111254448454,1.80992206757514,1.6088196156223467,51,0.4117647058823529,0.027415292978963397,1.0469966439720972,1.4957094913887106,44,0.3409090909090909,-0.15821938991117443,0.717357110617387,1.3868904138602818,0.41450623518024926
atr_pct>=0.0262339 AND pa<=4,68,0.5294117647058824,0.3773111254448454,1.80992206757514,1.6088196156223467,51,0.4117647058823529,0.027415292978963397,1.0469966439720972,1.4957094913887106,44,0.3409090909090909,-0.15821938991117443,0.717357110617387,1.3868904138602818,0.41450623518024926
mom21>=-0.0103349 AND pa<=4,69,0.5362318840579711,0.4114774997816293,1.8724701306327156,1.6194336264931593,36,0.4166666666666667,-0.026132516110726995,0.9570255209736325,1.3398357293630854,25,0.32,-0.2018476622235664,0.6750756035788372,1.434535657605029,0.414053415055594
mom21>=-0.0103349 AND pa<=4,69,0.5362318840579711,0.4114774997816293,1.8724701306327156,1.6194336264931593,36,0.4166666666666667,-0.026132516110726995,0.9570255209736325,1.3398357293630854,25,0.32,-0.2018476622235664,0.6750756035788372,1.434535657605029,0.414053415055594
mom21>=-0.0103349 AND pa<=4,69,0.5362318840579711,0.4114774997816293,1.8724701306327156,1.6194336264931593,36,0.4166666666666667,-0.026132516110726995,0.9570255209736325,1.3398357293630854,25,0.32,-0.2018476622235664,0.6750756035788372,1.434535657605029,0.414053415055594
rsi14<=48.857 AND atr_pct>=0.0208043,64,0.515625,0.2717071482718108,1.5606069396165503,1.4660247008519107,48,0.4166666666666667,-0.02946861632984321,0.9494889547485804,1.3292845366480128,33,0.3939393939393939,0.018161815081049026,1.0429962116827998,1.6046095564350766,0.4137198050336824
close_location<=0.887837 AND stop_pct<=0.0399671,67,0.5074626865671642,0.2522212092015106,1.4718374879348772,1.4285481500544397,29,0.41379310344827586,-0.012112668288357175,0.9809484916219401,1.3896770297977483,7,0.42857142857142855,-0.06234176271366173,0.9290650906217078,1.2387534541622771,0.41258183661944015
atr_pct>=0.0262339 AND body_pct<=0.820836,94,0.5425531914893617,0.40611973108441374,1.9132977516342147,1.6131726141229654,66,0.4090909090909091,0.030788258540272742,1.0531396843679708,1.5212017663092912,49,0.3469387755102041,-0.17455889330486857,0.6749579765750048,1.2705091323764794,0.4121697349449364
mom21>=-0.0103349 AND close_location<=0.887837,68,0.5,0.3023435873728446,1.5954005445918744,1.5954005445918744,39,0.41025641025641024,0.009818342530235202,1.016662900268693,1.4614529191362462,19,0.42105263157894735,-0.014906603912370957,0.9711591878044052,1.3353438832310571,0.41123824450943375
atr_pct>=0.0262339 AND spy_strength<=0.110158,91,0.5054945054945055,0.2868666579793373,1.5912944003543399,1.5567010438248978,76,0.40789473684210525,0.017353262101787302,1.0298342988152702,1.4949207563447473,61,0.32786885245901637,-0.17035381449409273,0.6851147058416858,1.404485146975456,0.409630063052284
vol_ratio>=0.81839 AND lower_wick>=0.136428,101,0.504950495049505,0.26664901513653916,1.5087467097554141,1.4791634409366807,44,0.4090909090909091,0.00450799212939816,1.007328208778317,1.4550296349020135,31,0.3548387096774194,-0.12835568666319397,0.8082194509404255,1.4694899108007735,0.40954170830384895
atr_pct>=0.0208043 AND ema50_dist<=0.030719,119,0.5042016806722689,0.22252687538518454,1.4463882901994436,1.4222818186961195,76,0.40789473684210525,0.015012013668533258,1.0260385201941424,1.4894107551205293,56,0.375,-0.005332566764313258,0.9892101974677513,1.6486836624462522,0.4093959382089586
mom21>=-0.0103349 AND lower_wick<=0.478698,87,0.5057471264367817,0.3158631693674055,1.6473254591123359,1.60988624413251,44,0.4090909090909091,-0.003324998762054505,0.994381467079945,1.4363287857821427,27,0.4444444444444444,0.09650078052906082,1.2119262186337905,1.5149077732922382,0.4087584092147037
close_location<=0.887837 AND spy_strength>=0.0633548,127,0.5039370078740157,0.23721005443685098,1.4588875530870682,1.4360924350700828,79,0.4050632911392405,0.03576143608963684,1.0594602495098755,1.5560822414676299,31,0.5161290322580645,0.254812599021022,1.6600571696591917,1.5563035965554923,0.4086394347482042
rs63>=0.709861 AND atr_pct>=0.0262339,64,0.515625,0.34392757081176084,1.7208833923579139,1.6165874291847069,40,0.4,0.06915777205753601,1.11232431654059,1.6684864748108854,34,0.35294117647058826,-0.13968191394983992,0.7183214490652462,1.316922656619618,0.4069157772057536
rs63>=0.436461 AND atr_pct>=0.0262339,98,0.5408163265306123,0.36724488762439544,1.8314568785599807,1.5550105572679083,74,0.40540540540540543,0.0055861563024487675,1.009521557718561,1.4806316179872228,55,0.38181818181818183,-0.09243328790711569,0.8144557710843545,1.318642676993717,0.4059640210356503
rs63<=0.559554 AND body_pct<=0.707092,72,0.5138888888888888,0.3071864395537882,1.664962760337437,1.57496477329217,22,0.4090909090909091,-0.034989946902209225,0.9341209935957341,1.3492858796382825,23,0.2608695652173913,-0.3283495138623509,0.5835154608559118,1.653293805758417,0.4055919144006882
rs63>=0.559554 AND atr_pct>=0.0262339,83,0.5180722891566265,0.3255901984125499,1.702281202942514,1.5835173980860597,62,0.4032258064516129,0.016031448829770874,1.0268378066813202,1.5197199538883537,42,0.40476190476190477,-0.09118070446734197,0.8082285050970398,1.1885713310250585,0.40482895133458996
atr_pct>=0.0177109 AND qqq_strength<=0.0988458,92,0.532608695652174,0.28412040133483746,1.5944476128636331,1.3992091296558413,44,0.4090909090909091,-0.05117297600076342,0.9105396340911007,1.3152239159093677,52,0.3076923076923077,-0.2815334036580846,0.6053744841131409,1.3620925892545672,0.4039736114908328
ema50_dist>=0.0117799 AND close_location<=0.887837,65,0.5230769230769231,0.2958954456984634,1.579629202115459,1.4402501548699773,38,0.39473684210526316,0.08240642149265362,1.1365500281945211,1.7427100432315992,21,0.5714285714285714,0.3277276854652157,1.882117886764817,1.4115884150736129,0.4029774842545285
ema50_dist>=-0.00668662 AND qqq_strength<=0.0988458,75,0.5466666666666666,0.3499154769371895,1.7134896158361004,1.4209426082543273,42,0.40476190476190477,-0.024173097247605333,0.9578217068997382,1.4085613336760856,45,0.37777777777777777,-0.050940304513626036,0.9152567840673675,1.5074817619933114,0.40234459503714426
ema50_dist>=-0.00668662 AND body_pct<=0.544288,91,0.5054945054945055,0.26573680464367494,1.516456423190842,1.4834899792084324,48,0.3958333333333333,0.06383162466113872,1.1084561642934185,1.6918541455004807,31,0.41935483870967744,0.0339142837980768,1.0609809398175902,1.4690505320551248,0.4022164957994472
atr_pct>=0.0262339 AND spy_strength<=0.0941282,72,0.5,0.2955187466867468,1.6277480885915172,1.6277480885915172,47,0.40425531914893614,-0.02595158338694687,0.9539199716119997,1.4057768002703153,57,0.3157894736842105,-0.19910960050885132,0.6326530352685001,1.3707482430817501,0.4016601608102415
mom63>=0.02888 AND atr_pct>=0.0262339,97,0.5154639175257731,0.32272735330279456,1.6938279528296913,1.5921982756599098,70,0.4,0.008702352546143825,1.0143996568466598,1.5215994852699897,52,0.38461538461538464,-0.07146176205329649,0.8496727934627011,1.3594764695403219,0.4008702352546144
rs63<=0.709861 AND ema50_dist>=0.00165905,76,0.5131578947368421,0.2097322524285474,1.4043624502049425,1.3323438630149456,47,0.40425531914893614,-0.061633246349085964,0.8980805994436636,1.323487199180136,25,0.4,-0.039752323392313986,0.9206400931089356,1.3809601396634033,0.39809199451402755
lower_wick<=0.478698 AND stop_pct<=0.0399671,84,0.5357142857142857,0.37519883699980067,1.7574562118687462,1.5231287169529135,30,0.4,-0.02294117536684038,0.9647563989301268,1.44713459839519,15,0.4666666666666667,0.13697682596382776,1.201670919973467,1.373338194255391,0.397705882463316
atr_pct>=0.0177109 AND spy_strength<=0.079561,96,0.5104166666666666,0.28874792963093326,1.5949402928470706,1.5298406890573941,40,0.4,-0.025989566442495282,0.9549199414144074,1.432379912121611,52,0.28846153846153844,-0.3354756698335943,0.5327711618976165,1.314168866014121,0.3974010433557505
atr_pct>=0.0262339 AND lower_wick<=0.478698,92,0.5,0.2845886407251047,1.6104278433324046,1.6104278433324046,67,0.40298507462686567,-0.06367699634977114,0.8935938182223854,1.3238426936627932,53,0.39622641509433965,-0.04137223315064523,0.9100847112553039,1.3867957504842725,0.39661737499188854
atr_pct>=0.0262339 AND pa>=4,113,0.504424778761062,0.29118799770980064,1.6092230149427822,1.580991032224488,78,0.3974358974358974,-0.009398623999786958,0.9841519870797761,1.4921013997661123,64,0.359375,-0.1093406494674223,0.7879529161705268,1.4046117201300694,0.39649603503591874
atr_pct>=0.0262339 AND pa>=4,113,0.504424778761062,0.29118799770980064,1.6092230149427822,1.580991032224488,78,0.3974358974358974,-0.009398623999786958,0.9841519870797761,1.4921013997661123,64,0.359375,-0.1093406494674223,0.7879529161705268,1.4046117201300694,0.39649603503591874
atr_pct>=0.0262339 AND stop_pct>=0.0312661,113,0.504424778761062,0.29118799770980064,1.6092230149427822,1.580991032224488,78,0.3974358974358974,-0.009398623999786958,0.9841519870797761,1.4921013997661123,64,0.359375,-0.1093406494674223,0.7879529161705268,1.4046117201300694,0.39649603503591874
atr_pct>=0.0262339 AND pa>=4,113,0.504424778761062,0.29118799770980064,1.6092230149427822,1.580991032224488,78,0.3974358974358974,-0.009398623999786958,0.9841519870797761,1.4921013997661123,64,0.359375,-0.1093406494674223,0.7879529161705268,1.4046117201300694,0.39649603503591874
atr_pct>=0.0262339,113,0.504424778761062,0.29118799770980064,1.6092230149427822,1.580991032224488,78,0.3974358974358974,-0.009398623999786958,0.9841519870797761,1.4921013997661123,64,0.359375,-0.1093406494674223,0.7879529161705268,1.4046117201300694,0.39649603503591874
atr_pct>=0.0208043 AND close_location>=0.828223,106,0.5094339622641509,0.2723883010442723,1.551781330461376,1.4943079478516954,55,0.4,-0.03683938425943456,0.9372995528337144,1.4059493292505718,49,0.32653061224489793,-0.1667794287640541,0.6974360757345671,1.4384619062025448,0.3963160615740566
atr_pct>=0.0262339 AND osc>=2,109,0.5045871559633027,0.2938894106453939,1.6167798735145618,1.587383875814297,73,0.3972602739726027,-0.02366378610239013,0.9608086113668777,1.4577785827635386,57,0.3684210526315789,-0.1032864633581457,0.795910855932857,1.3644186101706122,0.3948938953623637
atr_pct>=0.0262339 AND osc>=2,109,0.5045871559633027,0.2938894106453939,1.6167798735145618,1.587383875814297,73,0.3972602739726027,-0.02366378610239013,0.9608086113668777,1.4577785827635386,57,0.3684210526315789,-0.1032864633581457,0.795910855932857,1.3644186101706122,0.3948938953623637
atr_pct>=0.0262339 AND osc>=2,109,0.5045871559633027,0.2938894106453939,1.6167798735145618,1.587383875814297,73,0.3972602739726027,-0.02366378610239013,0.9608086113668777,1.4577785827635386,57,0.3684210526315789,-0.1032864633581457,0.795910855932857,1.3644186101706122,0.3948938953623637
ema50_dist>=0.0117799 AND lower_wick<=0.478698,87,0.5402298850574713,0.3561540010543399,1.742125865371409,1.4826603109543903,46,0.391304347826087,0.021875982091879364,1.0358211678192173,1.611277372163227,34,0.4411764705882353,0.08773910424031911,1.1969921810127215,1.516190095949447,0.39349194603527493
mom126>=0.0363288 AND spy_strength<=0.079561,85,0.5176470588235295,0.28853325693471704,1.5697294042795154,1.4627023994422756,38,0.39473684210526316,-0.016514343697357277,0.9706114210637808,1.4882708456311307,48,0.3541666666666667,-0.11177753143547951,0.8177389212768196,1.491170974093024,0.3930854077355274
mom21<=0.0210374 AND atr_pct>=0.0262339,87,0.5057471264367817,0.2691477319138456,1.5567690367494584,1.5213879222778797,61,0.39344262295081966,-0.0046272751962823,0.992150035570002,1.52956463817042,51,0.37254901960784315,-0.10550557957320757,0.7887883373367535,1.32848562077769,0.39297989543119144
rsi14<=50.5519 AND body_pct<=0.544288,73,0.5068493150684932,0.24172373846746154,1.464099086968421,1.42452884137468,38,0.39473684210526316,-0.018211819235673832,0.9709958645184488,1.4888603255949546,26,0.34615384615384615,-0.24694202695604794,0.642505343562392,1.2136212045067403,0.39291566018169577
atr_pct>=0.0262339 AND vol_ratio<=0.964122,73,0.5205479452054794,0.3333418045038577,1.7168081473707208,1.5812706620519799,54,0.3888888888888889,0.03846686758911763,1.0650300215749804,1.673618605332112,41,0.34146341463414637,-0.151330802946538,0.6881501727609663,1.3271467617532922,0.39273557564780065
atr_pct>=0.0262339 AND ema50_dist>=-0.00668662,85,0.5529411764705883,0.4126862430254612,1.9418100460967738,1.5699740798229236,64,0.390625,0.017480859164227307,1.0290906064375098,1.6053813460425155,55,0.36363636363636365,-0.13054602608727772,0.7420680582817724,1.2986191019931015,0.3923730859164227
ema50_dist>=0.0117799 AND vol_ratio>=0.81839,62,0.5,0.2781762230179513,1.533397162695444,1.533397162695444,26,0.38461538461538464,0.06569211464663308,1.101702004560225,1.7627232072963601,21,0.42857142857142855,0.10443731600704947,1.2338196777638852,1.6450929036851805,0.39118459608004796
body_pct>=0.310082 AND stop_pct<=0.0399671,87,0.5287356321839081,0.34060626252566695,1.6773486556056565,1.4950281495615634,28,0.39285714285714285,-0.02061211044461697,0.9675376240317708,1.4952854189581912,14,0.42857142857142855,-0.016612675505916434,0.9771717542219538,1.3028956722959384,0.39079593181268113
mom63<=0.109485 AND atr_pct>=0.0208043,86,0.5116279069767442,0.22818793845087768,1.4670275339440364,1.4003444642193075,55,0.4,-0.10941024001557638,0.808181257444824,1.2122718861672361,42,0.40476190476190477,0.051405637211717994,1.0951865052753174,1.6105683901107606,0.38905897599844236
ema50_dist>=-0.00668662 AND lower_wick>=0.136428,136,0.5073529411764706,0.2720249083557159,1.5310731212969289,1.4866941902448443,70,0.38571428571428573,0.015903215291890687,1.025979410498924,1.6339672093131012,47,0.44680851063829785,0.07554616960766498,1.1501916597082065,1.4240468167815892,0.3873046072434748
mom63>=0.061588 AND mom126<=0.205921,80,0.5125,0.24292811902952116,1.479010815356585,1.4068639463148003,30,0.4,-0.1379298296398716,0.7794434229033803,1.1691651343550706,14,0.42857142857142855,-0.05744385303789169,0.8941160188765944,1.192154691835459,0.38620701703601285
rs63<=0.709861 AND atr_pct>=0.0208043,82,0.524390243902439,0.2654745764873385,1.5871394824750895,1.4394986003843835,53,0.39622641509433965,-0.1054715790598856,0.8161939527424432,1.2437241184646755,43,0.37209302325581395,-0.07450589053407505,0.8671815796078056,1.4633689155881722,0.3856792571883511
body_pct>=0.310082 AND close_location<=0.887837,119,0.5210084033613446,0.2949876455182579,1.6169743417500997,1.4865731851573496,67,0.3880597014925373,-0.03717673591517541,0.9398802416074913,1.4821188425348901,37,0.40540540540540543,0.028368369881720503,1.0577143755151386,1.5513144174222033,0.3843420279010198
ema50_dist>=-0.00668662 AND body_pct<=0.707092,135,0.5037037037037037,0.2653315672657326,1.5177449437820385,1.4954251651970085,75,0.38666666666666666,-0.025267136111403198,0.9587984244733617,1.5208526733025738,45,0.4666666666666667,0.14852325757967763,1.306470956411175,1.4931096644699142,0.38413995305552634
mom126>=0.0363288 AND atr_pct>=0.0262339,103,0.5048543689320388,0.29985296371814607,1.6216909250356704,1.5905045610926765,70,0.38571428571428573,-0.02026946795924579,0.9662691664034552,1.538873116864762,55,0.36363636363636365,-0.10644254259704616,0.7882836542934939,1.3794963950136143,0.38368733891836115
atr_pct>=0.0262339 AND close_location<=0.948283,90,0.5,0.32017723733709746,1.6670491830181018,1.6670491830181018,70,0.38571428571428573,-0.02253420326317572,0.962818698886787,1.533377927856735,48,0.3958333333333333,-0.017268781835729108,0.9632276286510234,1.4701895384673516,0.38346086538796814
atr_pct>=0.0208043 AND body_pct<=0.707092,95,0.5157894736842106,0.2904828502710666,1.6033716410853103,1.5052060304066177,67,0.3880597014925373,-0.051077239506139356,0.9157868517369943,1.4441254200467986,50,0.38,-0.10050682173374618,0.8269627750853702,1.3492550540866568,0.3829519775419234
spy_strength>=0.0633548 AND qqq_strength<=0.0988458,70,0.5571428571428572,0.31714087932834584,1.6666695830626121,1.3247886429472044,33,0.3939393939393939,-0.11059432275938708,0.8164474576419922,1.2560730117569112,23,0.5217391304347826,0.16886337451383954,1.3242418496831945,1.2138883622095948,0.3828799616634552
ema50_dist>=0.0117799 AND body_pct>=0.310082,93,0.5161290322580645,0.27848475169342174,1.5499553206035697,1.4530831130658464,47,0.3829787234042553,-0.005789315593304528,0.9906875834104707,1.596107773272425,35,0.42857142857142855,0.07716427602246778,1.1669516546200966,1.555935539493462,0.38239979184492484
lower_wick>=0.266191 AND close_location>=0.828223,66,0.5,0.28212726429427476,1.583974535342427,1.583974535342427,31,0.3870967741935484,-0.0550065553219971,0.9052930252070138,1.4333806232444386,22,0.22727272727272727,-0.49852567236235534,0.31407114845019735,1.0678419047306709,0.3815961186613487
rsi14<=48.857 AND vol_ratio<=0.964122,69,0.5072463768115942,0.2649807576209759,1.507257757874268,1.464193250506432,39,0.38461538461538464,-0.034772949424508384,0.9450528214043883,1.5120845142470212,23,0.43478260869565216,0.005971520776793705,1.0141380630678853,1.3183794819882508,0.3811380896729338
rs63<=0.559554 AND close_location<=0.887837,74,0.527027027027027,0.28398174532146836,1.592841696869125,1.4294733177030612,26,0.38461538461538464,-0.03773327821760713,0.9375415553474381,1.5000664885559012,21,0.2857142857142857,-0.26433227837367457,0.6446727863200638,1.611681965800159,0.38084205679362393
ema50_dist>=-0.00668662 AND spy_strength<=0.079561,85,0.5058823529411764,0.3242719494383439,1.654941871016606,1.616454850760406,39,0.38461538461538464,-0.04715285232634868,0.919993492945642,1.4719895887130272,45,0.35555555555555557,-0.11327358987199282,0.8132094485140426,1.4739421254317022,0.37990009938274977
ema50_dist>=0.00165905 AND body_pct<=0.707092,98,0.5102040816326531,0.2728736573386111,1.5331360489165664,1.4718106069599035,63,0.38095238095238093,-0.01524795823720952,0.9757585373790761,1.585607623240999,35,0.45714285714285713,0.05819752960728336,1.1106743977961018,1.3189258473828707,0.37942758512866
atr_pct>=0.0262339 AND body_pct<=0.707092,66,0.5454545454545454,0.40686536393595674,1.9059792125063866,1.5883160104219889,55,0.38181818181818183,-0.030977249518276274,0.9485373324526206,1.5357271096851954,39,0.358974358974359,-0.1683825839410203,0.7081607037916745,1.2645726853422758,0.3787204568663542
atr_pct>=0.0208043 AND lower_wick>=0.136428,97,0.5257731958762887,0.31571903509496957,1.6598789012346407,1.4971456756234014,61,0.3770491803278688,0.014032331204165518,1.0229426176562837,1.6900791074321209,49,0.3469387755102041,-0.2055380802500566,0.6627210029780438,1.2474748291351414,0.3784524134482854
rs63<=0.709861 AND body_pct<=0.707092,105,0.5047619047619047,0.2502647259301574,1.5092406147014201,1.480764376688186,54,0.3888888888888889,-0.11092684503393098,0.814919311591265,1.2805874896434164,31,0.3225806451612903,-0.20441192666763977,0.7160998891195993,1.5038097671511585,0.37779620438549577
lower_wick<=0.478698 AND close_location<=0.887837,129,0.5193798449612403,0.3064242246200135,1.6448310281066914,1.522082443919625,73,0.3835616438356164,-0.06672561696894613,0.894957650516689,1.43832479547325,43,0.4186046511627907,0.051753183890268374,1.1045681141268429,1.5341223807317264,0.3768890821387218
ema20_dist<=-0.00500608 AND vol_ratio<=0.964122,71,0.5070422535211268,0.29414676268797574,1.5761339025781926,1.532352405284354,37,0.3783783783783784,-0.03535065876076247,0.9440537033439952,1.5509453697794209,23,0.43478260869565216,-0.10238907757361618,0.7641070878914052,0.9933392142588269,0.37484331250230213
lower_wick>=0.136428 AND stop_pct>=0.0518014,60,0.5,0.27530973580899976,1.5638102781292758,1.5638102781292758,48,0.375,-0.005714372999741199,0.9905066086288502,1.6508443477147505,34,0.3235294117647059,-0.2993901884954205,0.5110966449334168,1.0686566212244166,0.3744285627000259
vol_ratio<=0.964122 AND spy_strength<=0.079561,63,0.5238095238095238,0.29541381596294397,1.6304437192418375,1.482221562947125,21,0.38095238095238093,-0.07097450163767911,0.8824714280064446,1.4340160705104725,38,0.2894736842105263,-0.33923054002934594,0.5290029787153244,1.2984618568467055,0.37385493078861304
ema50_dist>=0.0117799 AND body_pct>=0.544288,67,0.5074626865671642,0.2656527790996139,1.50938283439867,1.4649892216222384,32,0.375,-0.033674011270763776,0.9484108120555919,1.58068468675932,25,0.4,0.011183158647484766,1.025337040256652,1.5380055603849778,0.3716325988729236
body_pct<=0.707092 AND stop_pct>=0.0312661,129,0.5116279069767442,0.27381598003229823,1.5519742011318072,1.4814299192621796,74,0.3783783783783784,-0.07332420051659355,0.8812564981778431,1.4477785327207422,50,0.38,-0.09558259779025441,0.8340335221801257,1.3607915361886262,0.37104595832671905
mom126>=0.124227 AND body_pct<=0.544288,63,0.5238095238095238,0.2894041992299165,1.5559660283078065,1.4145145711889149,33,0.36363636363636365,0.04253318361281309,1.0700124528709059,1.8725217925240853,24,0.4166666666666667,-0.009326196084253863,0.9828572054659221,1.3760000876522909,0.36788968199764494
lower_wick>=0.136428 AND stop_pct>=0.0312661,128,0.5234375,0.32001885163224314,1.6562914497631351,1.5079668423216603,68,0.36764705882352944,-0.0168800527626837,0.9729072949090121,1.6734005472435007,51,0.35294117647058826,-0.17609060764510936,0.7072497517843059,1.2966245449378944,0.36595905354726105
rs63<=0.709861 AND close_location<=0.887837,106,0.5094339622641509,0.23158207418610385,1.4639968261049683,1.4097747214344138,56,0.375,-0.09251769019404488,0.8528221777861256,1.4213702963102095,29,0.3793103448275862,-0.1121497935180247,0.8268315741822878,1.3529971213891983,0.3657482309805955
ema20_dist<=-0.00500608 AND body_pct<=0.707092,70,0.5285714285714286,0.3235279592003506,1.6705947682025888,1.4899899283969036,37,0.3783783783783784,-0.13383720781511185,0.7888872532889123,1.2960290589746415,26,0.4230769230769231,-0.14370827642624365,0.7635108719215706,1.0411511889839602,0.3649946575968672
body_pct<=0.707092 AND lower_wick<=0.478698,112,0.5357142857142857,0.36072239886451735,1.7836300541326213,1.545812713581605,66,0.3787878787878788,-0.14014546843489298,0.7813132443878638,1.2813537207960968,41,0.4634146341463415,0.05088812228066123,1.0952612640536112,1.2681972531147079,0.3647733319443895
body_pct<=0.544288 AND stop_pct>=0.0312661,85,0.5411764705882353,0.38217185832921186,1.8378199319111888,1.5581516814029643,49,0.3673469387755102,-0.03771352756667501,0.9386328247706572,1.6165343093272428,32,0.375,-0.11609869373336082,0.8045701923585479,1.34095032059758,0.3635755860188427
rs63<=0.559554 AND atr_pct>=0.0177109,82,0.5121951219512195,0.25321723828027226,1.5228098359228095,1.4502950818312472,32,0.375,-0.12517795078995866,0.7856720418393504,1.309453403065584,33,0.30303030303030304,-0.20004410616681714,0.7043773317320657,1.620067862983751,0.36248220492100414
body_pct<=0.707092 AND close_location>=0.828223,76,0.5263157894736842,0.32811003240112857,1.6812853607785823,1.5131568247007239,35,0.37142857142857144,-0.09612184800713235,0.8416409803344911,1.4243155051814465,30,0.3,-0.30335812268640516,0.529385122478066,1.2352319524488207,0.3618163866278582
body_pct>=0.544288 AND stop_pct<=0.0399671,60,0.5166666666666667,0.3348352174232326,1.6298882390955345,1.524734159153887,19,0.3684210526315789,-0.07296810274045135,0.8885163376021601,1.523170864460846,10,0.4,0.03111806051950672,1.0487889402559991,1.5731834103839986,0.3611242423575338
atr_pct>=0.0208043 AND body_pct<=0.544288,62,0.5483870967741935,0.37735617234774393,1.8178498413229138,1.4970528105012233,44,0.36363636363636365,-0.044010186051450205,0.9286694341746358,1.6251715098056125,32,0.375,-0.1237927936450667,0.7942830070275015,1.3238050117125026,0.3592353450312186
atr_pct>=0.0262339 AND ema50_dist<=0.030719,74,0.5135135135135135,0.27803345343117253,1.5737058417582483,1.4908792185078141,53,0.3584905660377358,-0.09413257263135148,0.8484519081115012,1.5182823618837389,43,0.37209302325581395,-0.0070442565086528235,0.9846211234185666,1.661548145768831,0.3490773087746007
atr_pct>=0.0177109 AND stop_pct<=0.0399671,61,0.5245901639344263,0.3012685879019822,1.591032424778071,1.4418731349551266,22,0.36363636363636365,-0.16182739388778258,0.7665972723252126,1.341545226569122,13,0.38461538461538464,-0.1829942763378347,0.7715159963338223,1.2344255941341158,0.3474536242475854
body_pct>=0.310082 AND lower_wick>=0.136428,113,0.5221238938053098,0.31969003237896515,1.6489521649569328,1.5092104560622774,59,0.3559322033898305,-0.08505588902296315,0.867409268102506,1.569597723233106,41,0.3902439024390244,-0.1407088061827897,0.761477087263259,1.1898079488488422,0.3474266144875342
atr_pct>=0.0177109 AND lower_wick>=0.136428,127,0.5118110236220472,0.2780992421274095,1.5521165896253701,1.4804804393349686,71,0.352112676056338,-0.06199180971931614,0.9035217389142427,1.6624799996022066,54,0.3333333333333333,-0.268701657912811,0.5944392466386365,1.188878493277273,0.3459134950844064
atr_pct>=0.0177109 AND body_pct<=0.544288,86,0.5232558139534884,0.29195693636119063,1.5843922709558727,1.4435574024264617,51,0.35294117647058826,-0.07862124279704957,0.8757647846383988,1.6055687718370644,36,0.3333333333333333,-0.27439119317041366,0.6075939668982016,1.215187933796403,0.3450790521908833
mom126>=0.124227 AND spy_strength<=0.079561,67,0.5074626865671642,0.26145946462561553,1.506449859877895,1.4621425110579571,26,0.34615384615384615,-0.0906444171630246,0.8516420878319076,1.6086572770158256,32,0.34375,-0.20046841477292535,0.6623815499019639,1.2645465952673858,0.3370894044375437
lower_wick>=0.266191 AND stop_pct>=0.0312661,83,0.5060240963855421,0.2950895562681925,1.614217178369969,1.5757834360278271,49,0.3469387755102041,-0.11388510069789314,0.8197467897967784,1.5430527807939358,33,0.30303030303030304,-0.3067804100463321,0.5428133625379182,1.2484707338372119,0.3355502654404148
ema50_dist>=0.00165905 AND spy_strength<=0.079561,63,0.5873015873015873,0.52276563813017,2.258737849812162,1.5872211917598975,23,0.34782608695652173,-0.14040207399523116,0.7892101173266018,1.4797689699873784,34,0.2647058823529412,-0.3268168978813284,0.5199588893651127,1.444330248236424,0.3337858795569986
atr_pct>=0.0208043 AND qqq_strength<=0.0988458,74,0.5405405405405406,0.32512256373494947,1.7435995609195307,1.482059626781601,34,0.35294117647058826,-0.22287374428053705,0.6404625576367735,1.174181355667418,47,0.2978723404255319,-0.2756021067940787,0.5982990126938679,1.410276244206974,0.33065380204253453
ema20_dist<=-0.00500608 AND lower_wick>=0.136428,70,0.5142857142857142,0.2819021056505259,1.5528996889616173,1.4666274840193052,35,0.34285714285714286,-0.14249809416356957,0.7899972057418589,1.5141613110052297,25,0.4,-0.2631499627162564,0.5940169209597052,0.8910253814395577,0.3286073334407859
mom63<=0.109485 AND body_pct<=0.544288,70,0.5,0.27757817211493013,1.5671722988206875,1.5671722988206875,39,0.3333333333333333,-0.18233595779686404,0.7186476979890792,1.4372953959781585,22,0.36363636363636365,-0.08487535754659702,0.8821461525027816,1.543755766879868,0.3150997375536469
atr_pct>=0.0208043 AND spy_strength<=0.079561,73,0.5068493150684932,0.28422467070370155,1.5945669755753529,1.551470570830073,30,0.3333333333333333,-0.21218930064014938,0.6644037703977335,1.328807540795467,47,0.2765957446808511,-0.3352829119244298,0.5149042827063137,1.3466727393857436,0.3121144032693184
rs63>=0.709861 AND spy_strength<=0.079561,63,0.5238095238095238,0.3603328596820946,1.704447062881064,1.5494973298918762,18,0.3333333333333333,-0.22365098004259393,0.6714364329883638,1.3428728659767275,23,0.2608695652173913,-0.45442963714747425,0.32930006019756086,0.9330168372264225,0.3109682353290739
close_location<=0.887837 AND qqq_strength<=0.0988458,78,0.5128205128205128,0.22350784211024602,1.4460482080736021,1.373745797669922,27,0.3333333333333333,-0.23373067424794736,0.6604814863157403,1.3209629726314807,29,0.3448275862068966,-0.11597143292471064,0.8310373971816919,1.5789710546452145,0.3099602659085386
atr_pct>=0.0262339 AND lower_wick>=0.136428,69,0.5507246376811594,0.4174536739960333,1.9233617094473114,1.5690582366543857,48,0.3125,-0.15321869535989513,0.7705232198771946,1.6951510837298283,39,0.358974358974359,-0.21216843414150532,0.639201884770821,1.1414319370907517,0.2971781304640105
body_pct<=0.544288 AND stop_pct>=0.0399671,60,0.5,0.28578690749275487,1.567774360829285,1.5677743608292851,39,0.3076923076923077,-0.12856230962389972,0.8009633985105485,1.8021676466487342,30,0.3333333333333333,-0.23218586989613896,0.6335872865599457,1.2671745731198913,0.29483607672991774
rs63<=0.709861 AND body_pct<=0.544288,73,0.5068493150684932,0.26735240030759627,1.5524259560994862,1.5104684978265268,36,0.3055555555555556,-0.24785874807826025,0.631345404428765,1.434875919156284,21,0.3333333333333333,-0.23542636485031565,0.6882554826500898,1.3765109653001797,0.28076968074772957
mom63>=0.061588 AND spy_strength<=0.079561,71,0.5211267605633803,0.33501079268527795,1.6828841414628903,1.546434075938872,22,0.2727272727272727,-0.3763536004781068,0.4983939828647316,1.3290506209726176,29,0.3103448275862069,-0.3003020875930111,0.5402057010267233,1.2004571133927182,0.23509191267946203
