rank,asc,slots,risk,gross,n,cagr,dd,dd_intraday,final_x,wiped
none,False,1,0.05,1.0,97,0.07791979734250076,-0.3532096777513739,-0.3434889493655793,2.982864689506874,False
none,False,1,0.05,2.0,97,0.05957072578784106,-0.38427369181464766,-0.3750198300978407,2.3228808719651517,False
none,False,1,0.05,3.0,97,0.05878531116000385,-0.38427369181464754,-0.37501983009784057,2.2979271597108557,False
none,False,1,0.1,1.0,97,0.07899052584262889,-0.4863924577313177,-0.47385906046239545,3.0263133327037304,False
none,False,1,0.1,2.0,97,0.0727292053007842,-0.596112893209404,-0.5843410498531401,2.7803504356174265,False
none,False,1,0.1,3.0,97,0.0503443526055567,-0.6462199147155213,-0.6369236310227488,2.045050752487523,False
none,False,1,0.2,1.0,97,0.07875828826786191,-0.5067090690109064,-0.5074668073302595,3.01683970645197,False
none,False,1,0.2,2.0,97,0.033015573466785186,-0.7848261489358475,-0.775413239564911,1.6049877090783904,False
none,False,1,0.2,3.0,97,0.016101319469599584,-0.8625153185818665,-0.8554960876339727,1.2619442479422016,False
none,False,1,0.3,1.0,97,0.07875828826786191,-0.5067090690109064,-0.5074668073302595,3.01683970645197,False
none,False,1,0.3,2.0,97,0.019850366840661327,-0.8015409543171483,-0.7929015110644819,1.3314860297273452,False
none,False,1,0.3,3.0,97,-0.034191826317019336,-0.9408113665443056,-0.9378219377888629,0.6024625892580441,False
none,False,2,0.05,1.0,172,0.08566480776448082,-0.3981408815469287,-0.3895595463920556,3.3107151728939406,False
none,False,2,0.05,2.0,187,0.09427773757264823,-0.5508849421229332,-0.5456357270772292,3.7145592965245555,False
none,False,2,0.05,3.0,193,0.07215388297402692,-0.5835171418535132,-0.5818230670212169,2.7587101530441305,False
none,False,2,0.1,1.0,160,0.09494999008435245,-0.49947290498200136,-0.49114945416746947,3.747936050093755,False
none,False,2,0.1,2.0,176,0.06024458143938616,-0.6758049675518693,-0.6714023994753309,2.3444911117152363,False
none,False,2,0.1,3.0,184,0.032129452126054225,-0.8260783005889636,-0.8253286497127923,1.5850509588635084,False
none,False,2,0.2,1.0,160,0.09494999008435245,-0.49947290498200136,-0.49114945416746947,3.747936050093755,False
none,False,2,0.2,2.0,173,0.037875209747737504,-0.7136954355143721,-0.7125468471638262,1.7185408399387776,False
none,False,2,0.2,3.0,182,-0.07862395174265657,-0.9217703580796051,-0.9254376686737134,0.30339658800530206,False
none,False,2,0.3,1.0,160,0.09494999008435245,-0.49947290498200136,-0.49114945416746947,3.747936050093755,False
none,False,2,0.3,2.0,173,0.037875209747737504,-0.7136954355143721,-0.7125468471638262,1.7185408399387776,False
none,False,2,0.3,3.0,181,-0.04193083044258539,-0.8721013390208899,-0.8780970728995935,0.5358441885436863,False
none,False,3,0.05,1.0,232,0.083279414036592,-0.3736115046353915,-0.377860348608003,3.2063280971755725,False
none,False,3,0.05,2.0,257,0.11097006471369575,-0.6179387961081149,-0.6132472333440273,4.630965703942841,False
none,False,3,0.05,3.0,263,0.07101800668455116,-0.715603312612843,-0.714857508290895,2.7164449192645903,False
none,False,3,0.1,1.0,218,0.07389862658045177,-0.4421475073047032,-0.43822243200859134,2.8248254211425774,False
none,False,3,0.1,2.0,248,0.08776651879278252,-0.7004859927595086,-0.6999810228443831,3.4053022313362793,False
none,False,3,0.1,3.0,258,-0.004758517425325182,-0.8969982835558038,-0.8961224256989718,0.9328834746129223,False
none,False,3,0.2,1.0,218,0.07389862658045177,-0.4421475073047032,-0.43822243200859134,2.8248254211425774,False
none,False,3,0.2,2.0,248,0.08515963398162008,-0.7176948261343281,-0.7161916501102424,3.288347638414653,False
none,False,3,0.2,3.0,246,0.02872691261266902,-0.8884755045313039,-0.8920759222021049,1.5106208822433813,False
none,False,3,0.3,1.0,218,0.07389862658045177,-0.4421475073047032,-0.43822243200859134,2.8248254211425774,False
none,False,3,0.3,2.0,248,0.08515963398162008,-0.7176948261343281,-0.7161916501102424,3.288347638414653,False
none,False,3,0.3,3.0,246,0.0273359592368132,-0.8884755045313039,-0.8920759222021049,1.4811420162659912,False
none,False,5,0.05,1.0,355,0.046930116877409445,-0.44748193955902926,-0.4422807296422191,1.9503317734549073,False
none,False,5,0.05,2.0,387,0.10683691322339772,-0.6491959961828102,-0.657457112045218,4.386259073201902,False
none,False,5,0.05,3.0,386,0.04054888552428393,-0.8096496037529034,-0.8173953957510429,1.7841627379879696,False
none,False,5,0.1,1.0,359,0.06512278029975538,-0.4143669596005366,-0.419500806106785,2.5066071510985655,False
none,False,5,0.1,2.0,379,0.07541443534624714,-0.7186947237153685,-0.718272043287416,2.883460383432738,False
none,False,5,0.1,3.0,370,-0.031204645853797786,-0.9264453524669009,-0.9256388497473256,0.6301801655133376,False
none,False,5,0.2,1.0,359,0.06512278029975538,-0.4143669596005366,-0.419500806106785,2.5066071510985655,False
none,False,5,0.2,2.0,379,0.07541443534624714,-0.7186947237153685,-0.718272043287416,2.883460383432738,False
none,False,5,0.2,3.0,376,-0.014666808684183352,-0.9209821404831294,-0.920775337136389,0.8063724516757469,False
none,False,5,0.3,1.0,359,0.06512278029975538,-0.4143669596005366,-0.419500806106785,2.5066071510985655,False
none,False,5,0.3,2.0,379,0.07541443534624714,-0.7186947237153685,-0.718272043287416,2.883460383432738,False
none,False,5,0.3,3.0,376,-0.014666808684183352,-0.9209821404831294,-0.920775337136389,0.8063724516757469,False
ret126,False,1,0.05,1.0,99,0.07013619242833191,-0.4732734353466832,-0.4701612928485899,2.684049847708482,False
ret126,False,1,0.05,2.0,99,0.060934522572278826,-0.48427821329831067,-0.4814259262003512,2.3668110934028883,False
ret126,False,1,0.05,3.0,99,0.06019381599579354,-0.4842782132983108,-0.4814259262003513,2.3428565885285826,False
ret126,False,1,0.1,1.0,99,0.07040855480899966,-0.6994019953628994,-0.6928767001888849,2.6940169729931434,False
ret126,False,1,0.1,2.0,99,0.06067301540236114,-0.7353100349838517,-0.7312184546699398,2.3583280030662537,False
ret126,False,1,0.1,3.0,99,0.046157532567613346,-0.7731687740222316,-0.7693673413778912,1.9294731520246997,False
ret126,False,1,0.2,1.0,99,0.04814329931126693,-0.8008124157585587,-0.7966265823306593,1.983510134437766,False
ret126,False,1,0.2,2.0,99,0.002207345233188107,-0.9492608578981248,-0.9472730489581723,1.0326366231947839,False
ret126,False,1,0.2,3.0,99,0.00882314992324007,-0.9635099288761804,-0.9619300400245813,1.1364947903165055,False
ret126,False,1,0.3,1.0,99,0.04814329931126693,-0.8008124157585587,-0.7966265823306593,1.983510134437766,False
ret126,False,1,0.3,2.0,99,-0.0674351174935145,-0.9801946731988475,-0.9797550700115939,0.36171320656908224,False
ret126,False,1,0.3,3.0,99,-0.10631282899625438,-0.9945878035476633,-0.9943152106862089,0.19453568401388657,True
ret126,False,2,0.05,1.0,168,0.0462650538854148,-0.6287616980838604,-0.6223705650643025,1.9323635684326885,False
ret126,False,2,0.05,2.0,182,0.02954433074890428,-0.7203607328358659,-0.7182735125677667,1.5281986270648718,False
ret126,False,2,0.05,3.0,182,0.02889481333446997,-0.7316117320959852,-0.7235620909733773,1.5142159757177083,False
ret126,False,2,0.1,1.0,151,0.0031685876608273933,-0.7813013309211418,-0.7768285783278243,1.0471567937262911,False
ret126,False,2,0.1,2.0,172,-0.03366901387755039,-0.9177097174070016,-0.9172684972686316,0.6072302108185385,False
ret126,False,2,0.1,3.0,179,-0.06505319546135602,-0.951307593485283,-0.9522160785923502,0.3754054079376845,False
ret126,False,2,0.2,1.0,151,0.0031685876608273933,-0.7813013309211418,-0.7768285783278243,1.0471567937262911,False
ret126,False,2,0.2,2.0,154,-0.10223071263238048,-0.9754635810822769,-0.9748648399358509,0.20788700755145595,False
ret126,False,2,0.2,3.0,171,-0.29012806098335975,-0.9995825377505667,-0.9995848325629818,0.006798018391188461,True
ret126,False,2,0.3,1.0,151,0.0031685876608273933,-0.7813013309211418,-0.7768285783278243,1.0471567937262911,False
ret126,False,2,0.3,2.0,154,-0.10223071263238048,-0.9754635810822769,-0.9748648399358509,0.20788700755145595,False
ret126,False,2,0.3,3.0,157,-0.2682820745647895,-0.9993021069951302,-0.9993056445812766,0.010571003904580944,True
ret126,False,3,0.05,1.0,231,0.044122693364668786,-0.5252512500525768,-0.5204713307446396,1.8755255017641614,False
ret126,False,3,0.05,2.0,255,0.10071547104482304,-0.6694080914213559,-0.6774672409399118,4.0458769107848385,False
ret126,False,3,0.05,3.0,261,0.10430149720471249,-0.7216631953239617,-0.7266620761229585,4.242165037594087,False
ret126,False,3,0.1,1.0,212,0.036833029313393606,-0.5791783671790067,-0.574420861165718,1.6935763031962572,False
ret126,False,3,0.1,2.0,240,0.04590279753657711,-0.8105421510156527,-0.8109657512383921,1.922641360391103,False
ret126,False,3,0.1,3.0,252,-0.09905119736686929,-0.9702178083593856,-0.9703760973435673,0.21887217285655053,False
ret126,False,3,0.2,1.0,212,0.036833029313393606,-0.5791783671790067,-0.574420861165718,1.6935763031962572,False
ret126,False,3,0.2,2.0,235,0.023490331513532192,-0.8303894031115464,-0.830080507605642,1.4024049306501989,False
ret126,False,3,0.2,3.0,240,-0.1457856204093565,-0.9889173390908684,-0.988685401391406,0.100750339389175,True
ret126,False,3,0.3,1.0,212,0.036833029313393606,-0.5791783671790067,-0.574420861165718,1.6935763031962572,False
ret126,False,3,0.3,2.0,235,0.023490331513532192,-0.8303894031115464,-0.830080507605642,1.4024049306501989,False
ret126,False,3,0.3,3.0,240,-0.14635051764114881,-0.989023611628731,-0.9887938979987542,0.09978423618118325,True
ret126,False,5,0.05,1.0,346,0.047866920959613646,-0.5276755199197937,-0.5268572346427569,1.9759057751787796,False
ret126,False,5,0.05,2.0,368,0.015005693073635973,-0.7985964358734585,-0.8005344700510916,1.2422693016402098,False
ret126,False,5,0.05,3.0,379,-0.022912832959708695,-0.9097817807047417,-0.9083904461981402,0.713468764084249,False
ret126,False,5,0.1,1.0,351,0.06114598781725267,-0.5221423441948654,-0.5268572346427569,2.373691635370162,False
ret126,False,5,0.1,2.0,362,0.01590861549729583,-0.8188625594647901,-0.8162165617936934,1.2584628259956576,False
ret126,False,5,0.1,3.0,371,-0.10223925330637784,-0.9707248374675059,-0.9700469073984559,0.20785820386109896,False
ret126,False,5,0.2,1.0,351,0.06114598781725267,-0.5221423441948654,-0.5268572346427569,2.373691635370162,False
ret126,False,5,0.2,2.0,362,0.01590861549729583,-0.8188625594647901,-0.8162165617936934,1.2584628259956576,False
ret126,False,5,0.2,3.0,373,-0.10951777435851551,-0.9734449510149409,-0.9728119550416904,0.1846177252146621,False
ret126,False,5,0.3,1.0,351,0.06114598781725267,-0.5221423441948654,-0.5268572346427569,2.373691635370162,False
ret126,False,5,0.3,2.0,362,0.01590861549729583,-0.8188625594647901,-0.8162165617936934,1.2584628259956576,False
ret126,False,5,0.3,3.0,373,-0.10951777435851551,-0.9734449510149409,-0.9728119550416904,0.1846177252146621,False
ret126,True,1,0.05,1.0,108,0.06783211836919967,-0.3742570238713877,-0.37057891741309146,2.601095714059779,False
ret126,True,1,0.05,2.0,108,0.046910662437496864,-0.45929030680123784,-0.45415681241522965,1.9498039651667514,False
ret126,True,1,0.05,3.0,108,0.04557399028547704,-0.46154074140856705,-0.4564286126343986,1.9138563166302416,False
ret126,True,1,0.1,1.0,108,0.08542916077963758,-0.4611121038097469,-0.4577006451963216,3.3002638781691216,False
ret126,True,1,0.1,2.0,108,0.040163354855191624,-0.6686810745798946,-0.6622814079152164,1.7745585369353567,False
ret126,True,1,0.1,3.0,108,0.002717610072923593,-0.7932330112747253,-0.7944129720154286,1.0403209772982898,False
ret126,True,1,0.2,1.0,108,0.08426125951388697,-0.4818730841534308,-0.4788553087182994,3.2489177214820124,False
ret126,True,1,0.2,2.0,108,0.04848437593189159,-0.7738634198656985,-0.7721608964006659,1.9929321957129296,False
ret126,True,1,0.2,3.0,108,-0.030985781710880178,-0.9372860177143478,-0.9379830422605654,0.6322569636985983,False
ret126,True,1,0.3,1.0,108,0.08426125951388697,-0.4818730841534308,-0.4788553087182994,3.2489177214820124,False
ret126,True,1,0.3,2.0,108,0.037503914463000054,-0.8234577962805902,-0.8264037386866134,1.7096077428077685,False
ret126,True,1,0.3,3.0,108,-0.03399448998517374,-0.9441003592075092,-0.9461429469963609,0.6042580240359989,False
ret126,True,2,0.05,1.0,160,0.06918339102500726,-0.3982387896660433,-0.39148154603053964,2.6494515699658066,False
ret126,True,2,0.05,2.0,191,0.08160750580312537,-0.5873134138850552,-0.5820079636684613,3.1350000027868705,False
ret126,True,2,0.05,3.0,189,0.03059496352538993,-0.7085244409259075,-0.7014085295885979,1.5510712288004276,False
ret126,True,2,0.1,1.0,153,0.04301200195739652,-0.4782574857825129,-0.4681710408391424,1.8466748629948022,False
ret126,True,2,0.1,2.0,168,0.056383496663080734,-0.6362394727756087,-0.6454331556312827,2.2231585736244797,False
ret126,True,2,0.1,3.0,194,0.027825799393844663,-0.8183126983234801,-0.8126628238641098,1.4914616684134767,False
ret126,True,2,0.2,1.0,154,0.039985689067423946,-0.4586434108563048,-0.44319857011884933,1.7701488178585243,False
ret126,True,2,0.2,2.0,165,0.0012657797398880621,-0.7507539920290154,-0.742614497531344,1.0185956724769427,False
ret126,True,2,0.2,3.0,175,-0.03038367771863626,-0.9024795017565544,-0.8991318821912342,0.6380032546654002,False
ret126,True,2,0.3,1.0,154,0.039985689067423946,-0.4586434108563048,-0.44319857011884933,1.7701488178585243,False
ret126,True,2,0.3,2.0,165,-0.015175602615484673,-0.8326863363993461,-0.8256103076276002,0.800328855013195,False
ret126,True,2,0.3,3.0,175,-0.03642469169826634,-0.9109647889081101,-0.9079084467029095,0.5824904043726479,False
ret126,True,3,0.05,1.0,225,0.04787844844847444,-0.4026437251429309,-0.39335565356727364,1.9762224026731716,False
ret126,True,3,0.05,2.0,264,0.0718350909892449,-0.6316385089103262,-0.6252063271759731,2.7467866986044345,False
ret126,True,3,0.05,3.0,267,0.0058085514223478185,-0.7688646359574416,-0.761264872724531,1.0880193284985178,False
ret126,True,3,0.1,1.0,212,0.04443560081915732,-0.48603658979738373,-0.46857933451008693,1.8837288612242942,False
ret126,True,3,0.1,2.0,237,0.01468216672984779,-0.7015799558440421,-0.6955329781628752,1.2365143768194722,False
ret126,True,3,0.1,3.0,251,-0.0354328303355691,-0.8578148692644616,-0.8560426244172721,0.5912848836821455,False
ret126,True,3,0.2,1.0,223,0.05288517923698377,-0.3396917734939491,-0.3219552593241223,2.1183008577069242,False
ret126,True,3,0.2,2.0,238,0.017317029326492817,-0.8327440103498718,-0.829688729381808,1.2841150907518224,False
ret126,True,3,0.2,3.0,245,0.0028427308870755397,-0.8791455340243898,-0.8776667062018408,1.0422133526672333,False
ret126,True,3,0.3,1.0,223,0.05288517923698377,-0.3396917734939491,-0.3219552593241223,2.1183008577069242,False
ret126,True,3,0.3,2.0,247,0.02111199871594427,-0.7345943725808488,-0.7298543090481384,1.355679704428604,False
ret126,True,3,0.3,3.0,249,-0.06442443988949731,-0.9570422190416976,-0.9560429489175495,0.37909942520835693,False
ret126,True,5,0.05,1.0,352,0.03737422137913704,-0.46676116674125934,-0.4625050117159655,1.7064976255085897,False
ret126,True,5,0.05,2.0,386,0.05861826682837723,-0.644059917204201,-0.6468927425694393,2.292652228258862,False
ret126,True,5,0.05,3.0,390,0.024315288724250372,-0.8315888782394069,-0.8305541785412629,1.4189595168225229,False
ret126,True,5,0.1,1.0,360,0.04818202764289081,-0.3820796081588611,-0.379737880760321,1.9845778923595958,False
ret126,True,5,0.1,2.0,381,0.028390612257989556,-0.8119092812027291,-0.8055569494924655,1.5034439078665995,False
ret126,True,5,0.1,3.0,389,-0.03371213096629444,-0.9407406124400939,-0.9406266902382893,0.6068356927736662,False
ret126,True,5,0.2,1.0,360,0.04818202764289081,-0.3820796081588611,-0.379737880760321,1.9845778923595958,False
ret126,True,5,0.2,2.0,375,0.0228203595571721,-0.814412463579765,-0.811242850357873,1.389093016899012,False
ret126,True,5,0.2,3.0,388,-0.05628200876506029,-0.9587290609977397,-0.9559660956137747,0.4300985066072599,False
ret126,True,5,0.3,1.0,360,0.04818202764289081,-0.3820796081588611,-0.379737880760321,1.9845778923595958,False
ret126,True,5,0.3,2.0,375,0.0228203595571721,-0.814412463579765,-0.811242850357873,1.389093016899012,False
ret126,True,5,0.3,3.0,388,-0.05628200876506029,-0.9587290609977397,-0.9559660956137747,0.4300985066072599,False
ret252,False,1,0.05,1.0,102,0.06938763844862472,-0.3994606833451336,-0.39187601350296386,2.656833069204152,False
ret252,False,1,0.05,2.0,102,0.06216645113074115,-0.41576747846103645,-0.40858212845328,2.4071575643253227,False
ret252,False,1,0.05,3.0,102,0.061504006151763546,-0.41634847751479587,-0.40918769476128314,2.3853831275810826,False
ret252,False,1,0.1,1.0,102,0.06594346445616184,-0.6506151944257608,-0.6429253982992396,2.534885569643475,False
ret252,False,1,0.1,2.0,102,0.058317282415892624,-0.7150324321131565,-0.7078168416104393,2.2831761881664665,False
ret252,False,1,0.1,3.0,102,0.048686947445347295,-0.7369671723457215,-0.7333884199112941,1.9985478394270753,False
ret252,False,1,0.2,1.0,102,0.05121459667882733,-0.7095537154780458,-0.7120154323126834,2.0698693405120676,False
ret252,False,1,0.2,2.0,102,0.008289034097886283,-0.9333985470058728,-0.93184805749014,1.127762054000154,False
ret252,False,1,0.2,3.0,102,0.014097133248910154,-0.9547542200647294,-0.9526949736464994,1.2261707304123184,False
ret252,False,1,0.3,1.0,102,0.05121459667882733,-0.7095537154780458,-0.7120154323126834,2.0698693405120676,False
ret252,False,1,0.3,2.0,102,-0.05147150323464211,-0.9720659107870268,-0.9716523452103741,0.4631593378056236,False
ret252,False,1,0.3,3.0,102,-0.09266907926191315,-0.9940158403533423,-0.9937144397637946,0.24257281061918365,True
ret252,False,2,0.05,1.0,169,0.043278970630513,-0.6361916150955818,-0.6299561013525414,1.853571493693203,False
ret252,False,2,0.05,2.0,182,0.07188670951806131,-0.5909733184646773,-0.5857106197057043,2.748714072005122,False
ret252,False,2,0.05,3.0,184,0.0717822834100148,-0.6290083252409625,-0.6176298441020698,2.7448162300528063,False
ret252,False,2,0.1,1.0,158,0.03907775662784241,-0.5311656053289602,-0.5246620469373318,1.747772557950305,False
ret252,False,2,0.1,2.0,175,-0.010198250765594774,-0.899883348847982,-0.8985278420144973,0.86130734387494,False
ret252,False,2,0.1,3.0,178,-0.028099172845131082,-0.9463329324288786,-0.9453766903910059,0.6602511927099958,False
ret252,False,2,0.2,1.0,158,0.03907775662784241,-0.5311656053289602,-0.5246620469373318,1.747772557950305,False
ret252,False,2,0.2,2.0,170,-0.054800104778559566,-0.9097814776339797,-0.9078095977159498,0.4400410731404153,False
ret252,False,2,0.2,3.0,172,-0.25409638483052566,-0.9977907030162549,-0.9977614653145735,0.013982250516880379,True
ret252,False,2,0.3,1.0,158,0.03907775662784241,-0.5311656053289602,-0.5246620469373318,1.747772557950305,False
ret252,False,2,0.3,2.0,170,-0.054800104778559566,-0.9097814776339797,-0.9078095977159498,0.4400410731404153,False
ret252,False,2,0.3,3.0,168,-0.1898089388852866,-0.9926342035009087,-0.9925367249988012,0.04661682547181732,True
ret252,False,3,0.05,1.0,225,0.0256966468547164,-0.5640112012472625,-0.5563719632657396,1.447087640284105,False
ret252,False,3,0.05,2.0,254,0.027226438274750242,-0.7882777194587671,-0.7827581347298094,1.4788438107266146,False
ret252,False,3,0.05,3.0,258,0.05657256395366872,-0.8152656811650074,-0.8100727180203064,2.2289610572455345,False
ret252,False,3,0.1,1.0,219,0.033750933924039384,-0.5862887315721932,-0.5808459031262899,1.6217095704480828,False
ret252,False,3,0.1,2.0,235,-0.014976068450246016,-0.8596073338521217,-0.8551080845412574,0.8026939319335278,False
ret252,False,3,0.1,3.0,256,-0.15992823209430718,-0.9914087966121351,-0.9911832904379076,0.07900243948366187,True
ret252,False,3,0.2,1.0,219,0.033750933924039384,-0.5862887315721932,-0.5808459031262899,1.6217095704480828,False
ret252,False,3,0.2,2.0,235,-0.020972369812978453,-0.9111612088700259,-0.9096732706551501,0.7343871286673391,False
ret252,False,3,0.2,3.0,242,-0.15809402667089567,-0.9864973240894962,-0.9859244469957664,0.08155241630766318,True
ret252,False,3,0.3,1.0,219,0.033750933924039384,-0.5862887315721932,-0.5808459031262899,1.6217095704480828,False
ret252,False,3,0.3,2.0,235,-0.020972369812978453,-0.9111612088700259,-0.9096732706551501,0.7343871286673391,False
ret252,False,3,0.3,3.0,242,-0.15809402667089567,-0.9864973240894962,-0.9859244469957664,0.08155241630766318,True
ret252,False,5,0.05,1.0,336,0.03339669514186583,-0.5172929940723298,-0.5194624461152434,1.613634142471148,False
ret252,False,5,0.05,2.0,362,0.005713287635042308,-0.8680969499777825,-0.8664049887906367,1.0865193274495906,False
ret252,False,5,0.05,3.0,376,-0.057626654923913945,-0.9532794621981652,-0.9526258752958183,0.42125829265239517,False
ret252,False,5,0.1,1.0,342,0.03425890980516333,-0.5151837528365846,-0.5194624461152434,1.6333553807837753,False
ret252,False,5,0.1,2.0,358,-0.009143381222347924,-0.8868129504718274,-0.8845545386169841,0.8747743818073487,False
ret252,False,5,0.1,3.0,365,-0.16332760602619978,-0.9899073597951871,-0.9896743772530009,0.07447176030686661,True
ret252,False,5,0.2,1.0,342,0.03425890980516333,-0.5151837528365846,-0.5194624461152434,1.6333553807837753,False
ret252,False,5,0.2,2.0,360,-0.022570766364490402,-0.9072124307638993,-0.9053610480552021,0.7171155079690769,False
ret252,False,5,0.2,3.0,363,-0.17105293918057818,-0.9912001632248998,-0.9909975401405267,0.06505983380052084,True
ret252,False,5,0.3,1.0,342,0.03425890980516333,-0.5151837528365846,-0.5194624461152434,1.6333553807837753,False
ret252,False,5,0.3,2.0,360,-0.022570766364490402,-0.9072124307638993,-0.9053610480552021,0.7171155079690769,False
ret252,False,5,0.3,3.0,363,-0.17105293918057818,-0.9912001632248998,-0.9909975401405267,0.06505983380052084,True
ret252,True,1,0.05,1.0,107,0.10245224637529349,-0.3911918720285905,-0.39280405781067695,4.139861436440515,False
ret252,True,1,0.05,2.0,107,0.0837155643600942,-0.4682604620905375,-0.46279612821859784,3.2251824421534,False
ret252,True,1,0.05,3.0,107,0.08128280874138061,-0.4667790250624866,-0.4613267372993677,3.121320083292903,False
ret252,True,1,0.1,1.0,107,0.11682593247656792,-0.5273800258988621,-0.5297634637308808,4.9994960330697795,False
ret252,True,1,0.1,2.0,107,0.09817891307293247,-0.7002580534272937,-0.6962570438052107,3.9121779336272446,False
ret252,True,1,0.1,3.0,107,0.07596145087077044,-0.780649866126887,-0.7765375756449769,2.9048970933643505,False
ret252,True,1,0.2,1.0,107,0.11191325437122646,-0.5396685395812084,-0.541990006040846,4.688561681845465,False
ret252,True,1,0.2,2.0,107,0.08646267693414811,-0.7885459581564696,-0.7858789310118138,3.346331180665553,False
ret252,True,1,0.2,3.0,107,0.047774396441740974,-0.8977811716206325,-0.8985140427698759,1.9733660995065456,False
ret252,True,1,0.3,1.0,107,0.11081912808840588,-0.5396685395812084,-0.541990006040846,4.621810140140574,False
ret252,True,1,0.3,2.0,107,0.0657518940512265,-0.7936451247316125,-0.7924983699756416,2.5282581466012455,False
ret252,True,1,0.3,3.0,107,0.01974300503088755,-0.9215580031475856,-0.9207547915763692,1.3294458834046659,False
ret252,True,2,0.05,1.0,166,0.053668029701113174,-0.4215858663025114,-0.4196393411736662,2.141357621313531,False
ret252,True,2,0.05,2.0,189,0.04657443546656914,-0.6540105753922505,-0.6488465577908558,1.940702957380882,False
ret252,True,2,0.05,3.0,191,0.037652509004649115,-0.6959448288338764,-0.6914115222790405,1.7131776171906805,False
ret252,True,2,0.1,1.0,158,0.062208424815711094,-0.4344694898494095,-0.4269500679810204,2.4085434482373844,False
ret252,True,2,0.1,2.0,167,0.10908968726573587,-0.6815748945454551,-0.6809275763810383,4.518101385749783,False
ret252,True,2,0.1,3.0,184,0.014008441443290609,-0.8656908589683039,-0.8622569084740124,1.2246096736818,False
ret252,True,2,0.2,1.0,163,0.057559490862312934,-0.4479017468270323,-0.4269500679810204,2.259479551942435,False
ret252,True,2,0.2,2.0,161,0.037077913485357605,-0.6913183218543695,-0.6886353996800973,1.6994117474427695,False
ret252,True,2,0.2,3.0,174,-0.015269650943468438,-0.8850554308954703,-0.8811096892781434,0.799216352812245,False
ret252,True,2,0.3,1.0,163,0.057559490862312934,-0.4479017468270323,-0.4269500679810204,2.259479551942435,False
ret252,True,2,0.3,2.0,168,0.03556730796034269,-0.7064408283558234,-0.7033900207051265,1.663711270033551,False
ret252,True,2,0.3,3.0,172,-0.006392788652043735,-0.8824361958925129,-0.8819671372366574,0.9108179754629583,False
ret252,True,3,0.05,1.0,229,0.05032469949286833,-0.43731827275352697,-0.4268856585785852,2.044493476895874,False
ret252,True,3,0.05,2.0,265,0.07128585625997186,-0.6737678392019795,-0.6698226683522253,2.7263567375064888,False
ret252,True,3,0.05,3.0,273,0.02459953261661063,-0.7673039257656988,-0.7635340818144695,1.4247055283986756,False
ret252,True,3,0.1,1.0,214,0.06688487754770311,-0.36883510087643845,-0.368396572596527,2.567689751201583,False
ret252,True,3,0.1,2.0,242,0.031189210232305475,-0.7303932416226032,-0.7281858449891996,1.5641489234901071,False
ret252,True,3,0.1,3.0,256,-0.0493208169466165,-0.8950581058262889,-0.8944080763764065,0.4786928466870765,False
ret252,True,3,0.2,1.0,214,0.06688487754770311,-0.36883510087643845,-0.368396572596527,2.567689751201583,False
ret252,True,3,0.2,2.0,234,0.00786989410453831,-0.8463473609540358,-0.8429779574787681,1.1209529675762764,False
ret252,True,3,0.2,3.0,240,-0.024053194846404558,-0.8961926539022163,-0.8943959581088394,0.7014358436877742,False
ret252,True,3,0.3,1.0,214,0.06688487754770311,-0.36883510087643845,-0.368396572596527,2.567689751201583,False
ret252,True,3,0.3,2.0,233,0.023801347735312284,-0.8114303466148091,-0.8070322076432139,1.4086249176826253,False
ret252,True,3,0.3,3.0,239,-0.08098160647579966,-0.9612077216901365,-0.9602999423351478,0.29228302598917066,False
ret252,True,5,0.05,1.0,346,0.04621159385025053,-0.43809792476282183,-0.43458922493358654,1.9309259379843928,False
ret252,True,5,0.05,2.0,381,0.06034854312238114,-0.7116566385304157,-0.7116966609453882,2.347841738824361,False
ret252,True,5,0.05,3.0,389,0.014758252210001155,-0.8662997927294261,-0.8649858590964545,1.2378655568864743,False
ret252,True,5,0.1,1.0,352,0.05491758331530483,-0.3722683667935235,-0.37294608567333687,2.17864469570077,False
ret252,True,5,0.1,2.0,371,0.0031500031669977613,-0.8574895055397077,-0.8547421926930139,1.046874269714471,False
ret252,True,5,0.1,3.0,375,-0.07709099328825919,-0.9572730518308487,-0.9566646510169606,0.3108324786186858,False
ret252,True,5,0.2,1.0,352,0.05491758331530483,-0.3722683667935235,-0.37294608567333687,2.17864469570077,False
ret252,True,5,0.2,2.0,369,0.013155564240846962,-0.8454356259320585,-0.8418932898630972,1.2096924468384476,False
ret252,True,5,0.2,3.0,377,-0.11269968916776629,-0.9759117502345691,-0.9755687509942674,0.17523859533643815,False
ret252,True,5,0.3,1.0,352,0.05491758331530483,-0.3722683667935235,-0.37294608567333687,2.17864469570077,False
ret252,True,5,0.3,2.0,369,0.013155564240846962,-0.8454356259320585,-0.8418932898630972,1.2096924468384476,False
ret252,True,5,0.3,3.0,377,-0.11269968916776629,-0.9759117502345691,-0.9755687509942674,0.17523859533643815,False
atr_pct,False,1,0.05,1.0,91,0.05347767414435034,-0.47641775936402364,-0.4735219986880248,2.135729800291858,False
atr_pct,False,1,0.05,2.0,91,0.04530776049847085,-0.4843569082299991,-0.4815050563677503,1.9067706173350487,False
atr_pct,False,1,0.05,3.0,91,0.04530776049847085,-0.4843569082299991,-0.4815050563677503,1.9067706173350487,False
atr_pct,False,1,0.1,1.0,91,0.032627007614213,-0.7032118400843252,-0.6997897524587766,1.5962168283717293,False
atr_pct,False,1,0.1,2.0,91,0.025895246406921313,-0.7418390811166449,-0.7394910035435709,1.4511740886327402,False
atr_pct,False,1,0.1,3.0,91,0.013717615455667964,-0.7500211283288203,-0.7477474697717763,1.2195038468416217,False
atr_pct,False,1,0.2,1.0,91,-0.017505035227927568,-0.815957686951657,-0.8153836836154478,0.7731940374443501,False
atr_pct,False,1,0.2,2.0,91,-0.0722269742568673,-0.930502108190024,-0.9303583969028234,0.3355652991341515,False
atr_pct,False,1,0.2,3.0,91,-0.08292469320483353,-0.9456867241826558,-0.9451349299158068,0.2834099248245555,True
atr_pct,False,1,0.3,1.0,91,-0.021176430959027548,-0.8257247826083194,-0.8251812415359185,0.7321607554789349,False
atr_pct,False,1,0.3,2.0,91,-0.15746690735097457,-0.9839665013727362,-0.9836654963720697,0.08244169996875782,True
atr_pct,False,1,0.3,3.0,91,-0.21351261544077615,-0.9943902107221785,-0.9942518991115052,0.030249089028641707,True
atr_pct,False,2,0.05,1.0,162,0.07799911427649131,-0.5266606827106048,-0.5217060653877825,2.9860632251623627,False
atr_pct,False,2,0.05,2.0,175,0.07093978170590387,-0.6245179518130386,-0.6222149385335703,2.713556529098632,False
atr_pct,False,2,0.05,3.0,178,0.06622044053631204,-0.6466035777173991,-0.6440902616658015,2.544496234404013,False
atr_pct,False,2,0.1,1.0,154,0.08214190638767982,-0.5623769305582296,-0.5559846006963522,3.157636653025354,False
atr_pct,False,2,0.1,2.0,171,0.03525617757357047,-0.8505363893239596,-0.8487002105852592,1.656445549958064,False
atr_pct,False,2,0.1,3.0,176,0.021702494399758132,-0.8660602409757165,-0.8666896712588488,1.3671434379979248,False
atr_pct,False,2,0.2,1.0,159,0.07049883042071992,-0.5397791591863809,-0.5297760574408952,2.6973282159844483,False
atr_pct,False,2,0.2,2.0,156,-0.009435156494400743,-0.8816288918897595,-0.8789419181679018,0.8710299327440142,False
atr_pct,False,2,0.2,3.0,160,-0.17257444762991359,-0.987135065824725,-0.9864865449194133,0.06334199209037338,True
atr_pct,False,2,0.3,1.0,159,0.07049883042071992,-0.5397791591863809,-0.5297760574408952,2.6973282159844483,False
atr_pct,False,2,0.3,2.0,156,-0.010630611205402096,-0.8824334551348184,-0.879735188111153,0.855843591345592,False
atr_pct,False,2,0.3,3.0,152,-0.0650098368637193,-0.9610448609850945,-0.9613258904754192,0.37565906494852497,False
atr_pct,False,3,0.05,1.0,224,0.058869109634051675,-0.5591723978561307,-0.5557041566277505,2.300577606085938,False
atr_pct,False,3,0.05,2.0,247,0.07053607478091073,-0.7051634629268634,-0.7093956022398458,2.6986954158652843,False
atr_pct,False,3,0.05,3.0,257,0.04819920889815266,-0.7434249253351235,-0.7355418429725433,1.9850517588764804,False
atr_pct,False,3,0.1,1.0,224,0.05395439106997424,-0.5397191502079803,-0.5384669129049884,2.149849855776411,False
atr_pct,False,3,0.1,2.0,233,0.03152013562915057,-0.8385754656865454,-0.8401792793024132,1.5714761025513042,False
atr_pct,False,3,0.1,3.0,245,-0.0758923631973284,-0.955590902733985,-0.9546615100601917,0.31676451432158503,False
atr_pct,False,3,0.2,1.0,224,0.05395439106997424,-0.5397191502079803,-0.5384669129049884,2.149849855776411,False
atr_pct,False,3,0.2,2.0,242,0.023929372742230504,-0.8428145712466363,-0.8442094797418964,1.4111927358997904,False
atr_pct,False,3,0.2,3.0,236,-0.13735324254360048,-0.9854188250341237,-0.9851136705044693,0.11624761826036391,True
atr_pct,False,3,0.3,1.0,224,0.05395439106997424,-0.5397191502079803,-0.5384669129049884,2.149849855776411,False
atr_pct,False,3,0.3,2.0,242,0.023929372742230504,-0.8428145712466363,-0.8442094797418964,1.4111927358997904,False
atr_pct,False,3,0.3,3.0,235,-0.13577923877991105,-0.985026479010556,-0.9847131134713936,0.11937557542982408,True
atr_pct,False,5,0.05,1.0,341,0.04254852862645819,-0.5162570274923965,-0.5202288134257855,1.8347586348974374,False
atr_pct,False,5,0.05,2.0,361,0.03961615243554939,-0.820623039899682,-0.8246567749320883,1.7610094758054677,False
atr_pct,False,5,0.05,3.0,374,-0.0054223463589320176,-0.8957353236435354,-0.8941191908715703,0.923861267699171,False
atr_pct,False,5,0.1,1.0,347,0.06557981565854498,-0.5162570274923965,-0.5202288134257855,2.5223188160517234,False
atr_pct,False,5,0.1,2.0,360,0.008563452680773409,-0.8228215583294927,-0.8205164692137766,1.1322409320437732,False
atr_pct,False,5,0.1,3.0,364,-0.12748577959827623,-0.9798400993435022,-0.9793688438191551,0.13719237569053525,True
atr_pct,False,5,0.2,1.0,347,0.06557981565854498,-0.5162570274923965,-0.5202288134257855,2.5223188160517234,False
atr_pct,False,5,0.2,2.0,360,0.008563452680773409,-0.8228215583294927,-0.8205164692137766,1.1322409320437732,False
atr_pct,False,5,0.2,3.0,361,-0.11551229186645051,-0.9761500399662367,-0.9758169122888197,0.1673195056704637,False
atr_pct,False,5,0.3,1.0,347,0.06557981565854498,-0.5162570274923965,-0.5202288134257855,2.5223188160517234,False
atr_pct,False,5,0.3,2.0,360,0.008563452680773409,-0.8228215583294927,-0.8205164692137766,1.1322409320437732,False
atr_pct,False,5,0.3,3.0,361,-0.11551229186645051,-0.9761500399662367,-0.9758169122888197,0.1673195056704637,False
atr_pct,True,1,0.05,1.0,92,0.06706647785291175,-0.3960454403217002,-0.38817919147621127,2.5740630523304433,False
atr_pct,True,1,0.05,2.0,92,0.058212904216727424,-0.469401744769947,-0.4624988751121383,2.279898525564005,False
atr_pct,True,1,0.05,3.0,92,0.05701312253986668,-0.47111851360649915,-0.46424292551647905,2.242536590466189,False
atr_pct,True,1,0.1,1.0,92,0.06702050813010318,-0.5294514618213421,-0.5189542535057007,2.572448343947716,False
atr_pct,True,1,0.1,2.0,92,0.044039199833864506,-0.7292884603398178,-0.7222661113333141,1.8733422182459283,False
atr_pct,True,1,0.1,3.0,92,0.014959509133690041,-0.7975753211484625,-0.7924900840604829,1.2414462527465524,False
atr_pct,True,1,0.2,1.0,92,0.0630222138087706,-0.559588154621995,-0.5498215655682276,2.435560385397066,False
atr_pct,True,1,0.2,2.0,92,0.021084055242140298,-0.847765328016793,-0.8414601937819388,1.3551394418236622,False
atr_pct,True,1,0.2,3.0,92,-0.02679514459358645,-0.9279552311031823,-0.9248359517022218,0.6732724278003559,False
atr_pct,True,1,0.3,1.0,92,0.0630222138087706,-0.559588154621995,-0.5498215655682276,2.435560385397066,False
atr_pct,True,1,0.3,2.0,92,0.011826813415273474,-0.8707788880726642,-0.8655376016735128,1.1867888030150504,False
atr_pct,True,1,0.3,3.0,92,-0.0650610554032327,-0.9600857931992282,-0.9596240020479226,0.3753594426903369,False
atr_pct,True,2,0.05,1.0,155,0.07944965891084399,-0.4106912852101976,-0.40859715387358364,3.0451242561034286,False
atr_pct,True,2,0.05,2.0,179,0.061536419287054445,-0.6408719275211254,-0.6351422037126064,2.38644425834111,False
atr_pct,True,2,0.05,3.0,180,0.04082111833800939,-0.7763841659273315,-0.7737191073067489,1.7909736407283736,False
atr_pct,True,2,0.1,1.0,151,0.07139517981082055,-0.4943834274085158,-0.4842406267079973,2.730411944950842,False
atr_pct,True,2,0.1,2.0,154,0.06217507084907181,-0.6981877202856998,-0.6970611262327041,2.407442108910743,False
atr_pct,True,2,0.1,3.0,183,0.04499119174972699,-0.8405063527721779,-0.8359164803507025,1.8983769481816029,False
atr_pct,True,2,0.2,1.0,164,0.06995590938858842,-0.43271291379939025,-0.43122542839019273,2.677471275893647,False
atr_pct,True,2,0.2,2.0,154,0.04194849947736268,-0.7720263270219183,-0.7649233960491882,1.8194378210638038,False
atr_pct,True,2,0.2,3.0,160,-0.015526594525408943,-0.9143901260503674,-0.912122129519043,0.796184292961005,False
atr_pct,True,2,0.3,1.0,164,0.06995590938858842,-0.43271291379939025,-0.43122542839019273,2.677471275893647,False
atr_pct,True,2,0.3,2.0,152,0.03293698493632302,-0.8360884674920812,-0.8294291953549213,1.603210161094112,False
atr_pct,True,2,0.3,3.0,161,0.02264287655012187,-0.9217119849603544,-0.9196379608044651,1.3855863131589765,False
atr_pct,True,3,0.05,1.0,225,0.03894787968748892,-0.4395961054815172,-0.42908557953901205,1.7445933263006885,False
atr_pct,True,3,0.05,2.0,260,0.07472392615090961,-0.6592934690812926,-0.6531177547974265,2.8566107360069948,False
atr_pct,True,3,0.05,3.0,268,0.024289131471154857,-0.7877155372876243,-0.785998209904244,1.4184318319160594,False
atr_pct,True,3,0.1,1.0,198,0.07370223006590648,-0.45974265378873624,-0.44894648997911857,2.817310146148475,False
atr_pct,True,3,0.1,2.0,233,-0.013113027632136065,-0.7607737233832683,-0.7568855954499689,0.8250928333674904,False
atr_pct,True,3,0.1,3.0,240,-0.04806788224360936,-0.9220786679398859,-0.9216771645660359,0.4879645407443142,False
atr_pct,True,3,0.2,1.0,213,0.07440285233981059,-0.3675261159445291,-0.34901584652594786,2.8442056258706923,False
atr_pct,True,3,0.2,2.0,232,0.034414723276207315,-0.760445698107295,-0.755288983654709,1.636943126493495,False
atr_pct,True,3,0.2,3.0,229,-0.04201892506402505,-0.9200538217251246,-0.91976742589737,0.5351269863234641,False
atr_pct,True,3,0.3,1.0,213,0.07440285233981059,-0.3675261159445291,-0.34901584652594786,2.8442056258706923,False
atr_pct,True,3,0.3,2.0,247,0.04373330905274786,-0.6552250479943706,-0.6524507582334725,1.865363644485349,False
atr_pct,True,3,0.3,3.0,232,-0.04628330166820127,-0.9250836371089944,-0.924815259880395,0.501459461418405,False
atr_pct,True,5,0.05,1.0,356,0.02573423555191856,-0.47463567674294704,-0.4720100321592007,1.4478602542127061,False
atr_pct,True,5,0.05,2.0,384,0.03378627041330673,-0.7059797036581226,-0.7022643566014782,1.6225171822677003,False
atr_pct,True,5,0.05,3.0,397,-0.03204806840756291,-0.9189515305083421,-0.9178336205044333,0.6222362136527677,False
atr_pct,True,5,0.1,1.0,364,0.04007199828396635,-0.3569145854453868,-0.3537005991488993,1.7722897627023548,False
atr_pct,True,5,0.1,2.0,372,-0.013430537762448624,-0.8479841072943095,-0.8467490393816723,0.8212347916024024,False
atr_pct,True,5,0.1,3.0,382,-0.10372259697300934,-0.9711591569333797,-0.9704296948435839,0.20291157751297728,False
atr_pct,True,5,0.2,1.0,364,0.04007199828396635,-0.3569145854453868,-0.3537005991488993,1.7722897627023548,False
atr_pct,True,5,0.2,2.0,369,-0.001708241590656634,-0.8194461880391156,-0.8179792610245242,0.9754050678489727,False
atr_pct,True,5,0.2,3.0,378,-0.07371123864913465,-0.9534038336263442,-0.952225291902689,0.3278302788547307,False
atr_pct,True,5,0.3,1.0,364,0.04007199828396635,-0.3569145854453868,-0.3537005991488993,1.7722897627023548,False
atr_pct,True,5,0.3,2.0,369,-0.001708241590656634,-0.8194461880391156,-0.8179792610245242,0.9754050678489727,False
atr_pct,True,5,0.3,3.0,378,-0.07371123864913465,-0.9534038336263442,-0.952225291902689,0.3278302788547307,False
rsi2,False,1,0.05,1.0,106,0.10455411820742344,-0.4504952775611253,-0.4449353079357602,4.25632182601306,False
rsi2,False,1,0.05,2.0,106,0.10017060797385202,-0.44787754620110554,-0.4435669569235521,4.016803979884067,False
rsi2,False,1,0.05,3.0,106,0.09917698803448927,-0.44813789645937696,-0.44384338468421847,3.964286505929403,False
rsi2,False,1,0.1,1.0,106,0.1277510439822398,-0.6255415083554994,-0.6174748806009807,5.761093563399646,False
rsi2,False,1,0.1,2.0,106,0.12506910132327254,-0.7277073367767826,-0.7219674850671944,5.564725580500109,False
rsi2,False,1,0.1,3.0,106,0.11176662086232247,-0.7524695364546008,-0.7473406074784059,4.679563910742604,False
rsi2,False,1,0.2,1.0,106,0.1072734784838103,-0.6698812061828148,-0.6609919754851417,4.411525477736439,False
rsi2,False,1,0.2,2.0,106,0.09868498337995435,-0.8913665503827042,-0.891183569590999,3.938519143015297,False
rsi2,False,1,0.2,3.0,106,0.063337928449958,-0.938565592313313,-0.9361658905795606,2.446117561312177,False
rsi2,False,1,0.3,1.0,106,0.10581993916557697,-0.6700784269215958,-0.6612039208153344,4.327922973858009,False
rsi2,False,1,0.3,2.0,106,0.05229463910729848,-0.9274546301804667,-0.9258356362751093,2.1010613038141663,False
rsi2,False,1,0.3,3.0,106,0.011534078609809484,-0.9802753951104008,-0.9797968013407221,1.181797533766186,False
rsi2,False,2,0.05,1.0,158,0.04302238709949813,-0.5358377965704635,-0.5299826595212658,1.846942696134781,False
rsi2,False,2,0.05,2.0,181,0.09756759994478559,-0.6328870488715266,-0.6275358234039901,3.8805776040878484,False
rsi2,False,2,0.05,3.0,184,0.09147107441511482,-0.6495631544150674,-0.644442082382714,3.5781789837420055,False
rsi2,False,2,0.1,1.0,148,0.06509262411097261,-0.5600421068919694,-0.5483132152808077,2.505573673506373,False
rsi2,False,2,0.1,2.0,166,0.06805723756260229,-0.7747409899958475,-0.7636001202665903,2.6090942112293827,False
rsi2,False,2,0.1,3.0,181,0.08740289538953872,-0.8366264795955431,-0.8365910864392541,3.3887594405413277,False
rsi2,False,2,0.2,1.0,164,0.07669421120156561,-0.482562688932592,-0.47680964526814573,2.933845494305143,False
rsi2,False,2,0.2,2.0,166,0.02846978389188437,-0.8561657459094292,-0.8455944817393802,1.5051306431573959,False
rsi2,False,2,0.2,3.0,171,-0.06738868741246251,-0.9691161318212448,-0.9691921851047531,0.3619755999176478,False
rsi2,False,2,0.3,1.0,164,0.07669421120156561,-0.482562688932592,-0.47680964526814573,2.933845494305143,False
rsi2,False,2,0.3,2.0,173,0.08307612839631773,-0.7001946254879934,-0.6916365412849791,3.1975753802444538,False
rsi2,False,2,0.3,3.0,168,-0.06456009259835749,-0.9680732048269719,-0.9681402591185523,0.3782995963317851,False
rsi2,False,3,0.05,1.0,241,0.0575870442958446,-0.44204280805062013,-0.44547508878133657,2.2603371375607044,False
rsi2,False,3,0.05,2.0,257,0.09579615902697869,-0.6122315985572255,-0.6208752939185598,3.790344673770016,False
rsi2,False,3,0.05,3.0,266,0.062424750264788775,-0.7627075404882537,-0.7677232409437766,2.415697857320059,False
rsi2,False,3,0.1,1.0,221,0.018620075623069443,-0.4891393017934297,-0.4807241801571992,1.3082811456557846,False
rsi2,False,3,0.1,2.0,233,0.006954961641808088,-0.8266224290500243,-0.8237767684517465,1.1062223401649298,False
rsi2,False,3,0.1,3.0,250,-0.10252609115308287,-0.9636714747325483,-0.9629111921032699,0.2068929901056309,False
rsi2,False,3,0.2,1.0,221,0.018620075623069443,-0.4891393017934297,-0.4807241801571992,1.3082811456557846,False
rsi2,False,3,0.2,2.0,226,0.03163576005011448,-0.7359539140361879,-0.7334274401116967,1.5740437255933415,False
rsi2,False,3,0.2,3.0,245,-0.07538612359571317,-0.9485987804820369,-0.9473844878371945,0.3193014291053302,False
rsi2,False,3,0.3,1.0,221,0.018620075623069443,-0.4891393017934297,-0.4807241801571992,1.3082811456557846,False
rsi2,False,3,0.3,2.0,226,0.03163576005011448,-0.7359539140361879,-0.7334274401116967,1.5740437255933415,False
rsi2,False,3,0.3,3.0,244,-0.07864411459381504,-0.9511747107797794,-0.9500212714229235,0.3032998977592216,False
rsi2,False,5,0.05,1.0,362,0.04479861251630313,-0.4418494562266154,-0.434631252380018,1.8932876498533435,False
rsi2,False,5,0.05,2.0,394,0.014550967752889887,-0.8149993007524133,-0.814562517545791,1.2341876780518393,False
rsi2,False,5,0.05,3.0,398,-0.023933692459676692,-0.9005959599119316,-0.9005534591242784,0.7026878903705918,False
rsi2,False,5,0.1,1.0,356,0.047060681825719985,-0.41176758864565166,-0.4190402807887078,1.95387750793437,False
rsi2,False,5,0.1,2.0,379,-0.036542808318306585,-0.8996519279377309,-0.8989557678713795,0.581451263373306,False
rsi2,False,5,0.1,3.0,382,-0.10896224139272226,-0.9773346846968302,-0.9773248234751695,0.18630240738193102,False
rsi2,False,5,0.2,1.0,356,0.047060681825719985,-0.41176758864565166,-0.4190402807887078,1.95387750793437,False
rsi2,False,5,0.2,2.0,377,-0.03056593674176844,-0.8901931428727144,-0.8894313629264478,0.6362587191918643,False
rsi2,False,5,0.2,3.0,371,-0.18497976542896255,-0.9930813043166247,-0.9930310132466321,0.050831753082066645,True
rsi2,False,5,0.3,1.0,356,0.047060681825719985,-0.41176758864565166,-0.4190402807887078,1.95387750793437,False
rsi2,False,5,0.3,2.0,377,-0.03056593674176844,-0.8901931428727144,-0.8894313629264478,0.6362587191918643,False
rsi2,False,5,0.3,3.0,371,-0.18497976542896255,-0.9930813043166247,-0.9930310132466321,0.050831753082066645,True
rsi2,True,1,0.05,1.0,102,0.048139348991152575,-0.39906026511997517,-0.39169214024750953,1.9834012523706142,False
rsi2,True,1,0.05,2.0,102,0.042483147466070736,-0.41973447024869326,-0.41985996853888363,1.833083414433005,False
rsi2,True,1,0.05,3.0,102,0.04153028636627876,-0.41973447024869326,-0.41985996853888363,1.808829953994741,False
rsi2,True,1,0.1,1.0,102,0.03504442677451847,-0.6158271077430382,-0.6136542792562723,1.651517519433308,False
rsi2,True,1,0.1,2.0,102,0.0125629414611661,-0.7950798582372198,-0.7897479622180174,1.1994270350147926,False
rsi2,True,1,0.1,3.0,102,0.007966500823261446,-0.8024255031289753,-0.7975583263773458,1.122518975768514,False
rsi2,True,1,0.2,1.0,102,0.0049808608906771745,-0.7502079806335159,-0.7444148424969241,1.0750508734645783,False
rsi2,True,1,0.2,2.0,102,-0.04752329298517599,-0.9323587118985712,-0.9312998315264354,0.4920464065310536,False
rsi2,True,1,0.2,3.0,102,-0.10915719696802595,-0.9849836605517658,-0.9846934646321838,0.1857095707451777,True
rsi2,True,1,0.3,1.0,102,0.0012254396673558876,-0.7634644025237496,-0.7579787052869985,1.0179980982468013,False
rsi2,True,1,0.3,2.0,102,-0.10353292148706872,-0.9760899793078743,-0.9762852273555483,0.20353793241520957,True
rsi2,True,1,0.3,3.0,102,-0.18982678483474857,-0.9967042229152783,-0.9967269085355792,0.04660187167650521,True
rsi2,True,2,0.05,1.0,166,0.03575684678528446,-0.45760787807939796,-0.4501075586916937,1.6681520416880347,False
rsi2,True,2,0.05,2.0,179,0.0481907289568797,-0.6383863368029656,-0.6361683850462807,1.9848178652274626,False
rsi2,True,2,0.05,3.0,182,0.027298102584058848,-0.7316514054916141,-0.7297429401323856,1.4803472502506958,False
rsi2,True,2,0.1,1.0,157,0.04434612490576484,-0.5343806206086371,-0.5270809430351623,1.8813797048000849,False
rsi2,True,2,0.1,2.0,169,-0.014951719679948683,-0.805552635327928,-0.8006445577990726,0.802982982918659,False
rsi2,True,2,0.1,3.0,174,-0.03757466972047796,-0.90112562295722,-0.8997389217688798,0.5724465157317832,False
rsi2,True,2,0.2,1.0,157,0.04299545663373494,-0.5343806206086371,-0.5270809430351623,1.8462482333005836,False
rsi2,True,2,0.2,2.0,159,-0.029895109496845373,-0.840872809672377,-0.8350217568336435,0.6427017030414773,False
rsi2,True,2,0.2,3.0,167,-0.1807004757306776,-0.9909098434702239,-0.9907857899756268,0.054860690357375855,True
rsi2,True,2,0.3,1.0,157,0.04299545663373494,-0.5343806206086371,-0.5270809430351623,1.8462482333005836,False
rsi2,True,2,0.3,2.0,167,-0.04653556404867587,-0.8763205949979229,-0.8717729452075863,0.4995309982054839,False
rsi2,True,2,0.3,3.0,167,-0.14675162663881913,-0.9835790204540518,-0.9833549231141753,0.09910349412401848,True
rsi2,True,3,0.05,1.0,214,0.061611417176371086,-0.43797918819614623,-0.4339025931830679,2.3889012007125574,False
rsi2,True,3,0.05,2.0,240,0.048822675444431196,-0.6409001184142933,-0.6396416938661555,2.00231870307845,False
rsi2,True,3,0.05,3.0,250,0.028123180122701985,-0.7450647281923698,-0.7444158007033006,1.497759329441799,False
rsi2,True,3,0.1,1.0,197,0.06205950740825816,-0.4290871408133563,-0.41415833412276915,2.403629860772383,False
rsi2,True,3,0.1,2.0,224,0.010340320000219005,-0.7536649406273792,-0.7496870959360387,1.1616451036749673,False
rsi2,True,3,0.1,3.0,238,-0.09460988245995183,-0.9618396602554236,-0.960861434277483,0.23512396110142644,False
rsi2,True,3,0.2,1.0,206,0.07000615304583535,-0.41837711199528616,-0.41415833412276915,2.679303168125322,False
rsi2,True,3,0.2,2.0,209,-0.005381940271928398,-0.815776742771383,-0.815400531958404,0.9244081022429781,False
rsi2,True,3,0.2,3.0,226,-0.07628428610705595,-0.9524723623403761,-0.9513786947075047,0.3148133800674873,False
rsi2,True,3,0.3,1.0,206,0.07000615304583535,-0.41837711199528616,-0.41415833412276915,2.679303168125322,False
rsi2,True,3,0.3,2.0,222,-0.010875749826924186,-0.8300553107655347,-0.8297082588750179,0.8527601239106817,False
rsi2,True,3,0.3,3.0,226,-0.07539764391578763,-0.9518035453225628,-0.9506944874123556,0.3192434876089636,False
rsi2,True,5,0.05,1.0,331,0.0419183446844853,-0.46388359235698007,-0.4602376422492269,1.8186710186455513,False
rsi2,True,5,0.05,2.0,370,0.02265476625628393,-0.7836841194067024,-0.7781712461060589,1.385820971699264,False
rsi2,True,5,0.05,3.0,382,0.015197559149759288,-0.852861432413608,-0.8559744362316759,1.2456940114789479,False
rsi2,True,5,0.1,1.0,338,0.04376361606105306,-0.45825468455000185,-0.4602376422492269,1.866152729828178,False
rsi2,True,5,0.1,2.0,351,0.003420854203676882,-0.8005210591188433,-0.7987159151980326,1.0509988148788878,False
rsi2,True,5,0.1,3.0,364,-0.0802751279618007,-0.968036784590403,-0.9677222083852529,0.2955727963416038,False
rsi2,True,5,0.2,1.0,338,0.04376361606105306,-0.45825468455000185,-0.4602376422492269,1.866152729828178,False
rsi2,True,5,0.2,2.0,347,0.012446453735261986,-0.7727306342915923,-0.7706740065990507,1.1974188000131714,False
rsi2,True,5,0.2,3.0,354,-0.08266040769550398,-0.9671907002757828,-0.9662894887164123,0.28460186348066846,False
rsi2,True,5,0.3,1.0,338,0.04376361606105306,-0.45825468455000185,-0.4602376422492269,1.866152729828178,False
rsi2,True,5,0.3,2.0,347,0.012446453735261986,-0.7727306342915923,-0.7706740065990507,1.1974188000131714,False
rsi2,True,5,0.3,3.0,354,-0.08266040769550398,-0.9671907002757828,-0.9662894887164123,0.28460186348066846,False
dist_hh60,False,1,0.05,1.0,108,0.07362181614977303,-0.3830711742123619,-0.3789165699520466,2.8142384176737103,False
dist_hh60,False,1,0.05,2.0,108,0.06276231773262064,-0.45694242381302197,-0.45121640422397236,2.426901586587417,False
dist_hh60,False,1,0.05,3.0,108,0.061625965336537636,-0.4587542347268774,-0.45305104112062355,2.3893780734087944,False
dist_hh60,False,1,0.1,1.0,108,0.08559475411427142,-0.4662880723903311,-0.46257591768501327,3.307604973927227,False
dist_hh60,False,1,0.1,2.0,108,0.048354582125331724,-0.6689286829581049,-0.6645654125111964,1.9893418082243814,False
dist_hh60,False,1,0.1,3.0,108,0.018966810380357524,-0.7723122925587045,-0.7733400498890837,1.3147826013777903,False
dist_hh60,False,1,0.2,1.0,108,0.08068944707850578,-0.48568248105737666,-0.4739310813891431,3.0964644894928455,False
dist_hh60,False,1,0.2,2.0,108,0.048093954707778774,-0.8057300546784472,-0.7972030475325288,1.9821504561553687,False
dist_hh60,False,1,0.2,3.0,108,0.0068070418729191395,-0.8980288111142137,-0.8929483417816961,1.1038577964825929,False
dist_hh60,False,1,0.3,1.0,108,0.08068944707850578,-0.48568248105737666,-0.4739310813891431,3.0964644894928455,False
dist_hh60,False,1,0.3,2.0,108,0.03760914596833098,-0.8398050643270073,-0.8328584768041278,1.7121351354702956,False
dist_hh60,False,1,0.3,3.0,108,-0.015343345357852867,-0.9435899442116764,-0.9408485777934912,0.7983456246625266,False
dist_hh60,False,2,0.05,1.0,166,0.09129072234880975,-0.39744205524316323,-0.39526331146710547,3.5695768599796236,False
dist_hh60,False,2,0.05,2.0,182,0.06530665219740506,-0.631872818649358,-0.6262195808267057,2.512917188730856,False
dist_hh60,False,2,0.05,3.0,184,0.05149489957766917,-0.7634679072590113,-0.7606020321260474,2.07792286844099,False
dist_hh60,False,2,0.1,1.0,161,0.04965917686338295,-0.48327428573322395,-0.4724684367425206,2.025705464347455,False
dist_hh60,False,2,0.1,2.0,167,0.07768587437791852,-0.6843060544473866,-0.6789458368801995,2.9734500817618077,False
dist_hh60,False,2,0.1,3.0,193,0.05169184145540173,-0.8466569064378833,-0.8415834628761452,2.0835987527430513,False
dist_hh60,False,2,0.2,1.0,159,0.0400601829692635,-0.49136411471163255,-0.4869469997304,1.7719965352931608,False
dist_hh60,False,2,0.2,2.0,163,0.005498651003589927,-0.750689709157349,-0.7433904218825764,1.0831467652582965,False
dist_hh60,False,2,0.2,3.0,170,-0.013996875019703703,-0.9064889249016668,-0.9035087482149702,0.8143949502761776,False
dist_hh60,False,2,0.3,1.0,159,0.0400601829692635,-0.49136411471163255,-0.4869469997304,1.7719965352931608,False
dist_hh60,False,2,0.3,2.0,162,-0.0070414642810977535,-0.827479037944004,-0.8207782784608169,0.9021952657983954,False
dist_hh60,False,2,0.3,3.0,171,-0.03013672184186511,-0.9264704722023988,-0.924127102881751,0.6403741596552943,False
dist_hh60,False,3,0.05,1.0,226,0.045252253560023714,-0.489368799977715,-0.48142975056831583,1.9052963829183847,False
dist_hh60,False,3,0.05,2.0,269,0.08139263014874842,-0.6405416454015077,-0.6402550021815916,3.125940771091932,False
dist_hh60,False,3,0.05,3.0,270,0.002438002112963744,-0.8554759848555421,-0.8531360589605532,1.036103639086239,False
dist_hh60,False,3,0.1,1.0,210,0.06522857346008748,-0.46182601836684856,-0.45049409156230513,2.5102359107357572,False
dist_hh60,False,3,0.1,2.0,239,-0.013896688047317807,-0.8404750331265272,-0.8378848986705876,0.8156010654287386,False
dist_hh60,False,3,0.1,3.0,258,-0.10237818061423676,-0.9726739711368885,-0.9726913835031405,0.2073901888303443,False
dist_hh60,False,3,0.2,1.0,223,0.05984397528723484,-0.39560568154783793,-0.39121936342885466,2.331621398157655,False
dist_hh60,False,3,0.2,2.0,238,0.03342011897011998,-0.8043234877509363,-0.8001663749045834,1.614166966815705,False
dist_hh60,False,3,0.2,3.0,244,-0.07326571635174217,-0.9596416992184684,-0.9597663937684509,0.33013442947105553,False
dist_hh60,False,3,0.3,1.0,223,0.05984397528723484,-0.39560568154783793,-0.39121936342885466,2.331621398157655,False
dist_hh60,False,3,0.3,2.0,248,0.043499367639439956,-0.7478276153381922,-0.7459817356875487,1.8592831015798346,False
dist_hh60,False,3,0.3,3.0,249,-0.08868497613895499,-0.9683918246907625,-0.9684894840847317,0.2585576379645641,False
dist_hh60,False,5,0.05,1.0,357,0.030702621114310436,-0.4705699808488286,-0.46807265696731837,1.5534328895919365,False
dist_hh60,False,5,0.05,2.0,380,0.03417449410616591,-0.7015014149824524,-0.6977294786465746,1.6314146931617386,False
dist_hh60,False,5,0.05,3.0,398,-0.015431918938629718,-0.9054748173941496,-0.9041710629295638,0.7973002624845348,False
dist_hh60,False,5,0.1,1.0,365,0.04626636665308759,-0.38187207443553806,-0.3788716875767375,1.9323988835048909,False
dist_hh60,False,5,0.1,2.0,370,5.964696855342844e-05,-0.8145385014013247,-0.8130317014090879,1.0008691315060299,False
dist_hh60,False,5,0.1,3.0,378,-0.07145943526920673,-0.9559315990805025,-0.9554682866769099,0.339631564326001,False
dist_hh60,False,5,0.2,1.0,365,0.04626636665308759,-0.38187207443553806,-0.3788716875767375,1.9323988835048909,False
dist_hh60,False,5,0.2,2.0,373,0.010994387969051278,-0.8098180286076196,-0.8066755565750289,1.172646758405268,False
dist_hh60,False,5,0.2,3.0,374,-0.09305946588203029,-0.9687219899878382,-0.9683931491473275,0.24105706691832363,False
dist_hh60,False,5,0.3,1.0,365,0.04626636665308759,-0.38187207443553806,-0.3788716875767375,1.9323988835048909,False
dist_hh60,False,5,0.3,2.0,373,0.010994387969051278,-0.8098180286076196,-0.8066755565750289,1.172646758405268,False
dist_hh60,False,5,0.3,3.0,374,-0.09305946588203029,-0.9687219899878382,-0.9683931491473275,0.24105706691832363,False
dist_hh60,True,1,0.05,1.0,92,0.030723168847120785,-0.4476242202416707,-0.4408515382478637,1.55388402109756,False
dist_hh60,True,1,0.05,2.0,92,0.021335842418251705,-0.4727975040905835,-0.47065644340176616,1.360014771839435,False
dist_hh60,True,1,0.05,3.0,92,0.021335842418251705,-0.4727975040905835,-0.47065644340176616,1.360014771839435,False
dist_hh60,True,1,0.1,1.0,92,0.006109635930779289,-0.7023634271848359,-0.696108734551258,1.0927728240605366,False
dist_hh60,True,1,0.1,2.0,92,-0.007831849951966063,-0.7807271877339881,-0.7819785156735812,0.8917915938286658,False
dist_hh60,True,1,0.1,3.0,92,-0.022141135894431674,-0.826714732083776,-0.8277036221108733,0.7217203581494116,False
dist_hh60,True,1,0.2,1.0,92,-0.048468650788457635,-0.86780859555903,-0.8647428328163339,0.48498082402502757,False
dist_hh60,True,1,0.2,2.0,92,-0.11161680943907504,-0.9610453432871541,-0.9610407748904254,0.17837953232979598,True
dist_hh60,True,1,0.2,3.0,92,-0.12420075219245252,-0.9818325715108446,-0.9814814797128051,0.14491102891686233,True
dist_hh60,True,1,0.3,1.0,92,-0.05202434141157808,-0.8748239719188367,-0.8719209087068766,0.45924297047688684,False
dist_hh60,True,1,0.3,2.0,92,-0.20918208878767763,-0.9939844653207726,-0.9940335878797598,0.03276776775027372,True
dist_hh60,True,1,0.3,3.0,92,-0.2754287314101779,-0.9987977888756789,-0.9988060639817881,0.009162840264411462,True
dist_hh60,True,2,0.05,1.0,163,0.06460071255440569,-0.49368501910901563,-0.4867903256851994,2.4887713912735303,False
dist_hh60,True,2,0.05,2.0,178,0.07357933269110828,-0.7045177429426339,-0.7027054071328763,2.812616852994909,False
dist_hh60,True,2,0.05,3.0,181,0.0693348548689785,-0.7259118602429513,-0.7239625758762491,2.654923638215116,False
dist_hh60,True,2,0.1,1.0,151,0.0688802856752122,-0.539779159186381,-0.5297760574408952,2.6385325439324014,False
dist_hh60,True,2,0.1,2.0,166,0.05088173198377355,-0.7881177269378101,-0.7914999319756486,2.060343393017312,False
dist_hh60,True,2,0.1,3.0,175,0.07187866714276425,-0.7683186128196803,-0.773158190701879,2.748413696633135,False
dist_hh60,True,2,0.2,1.0,151,0.06817599177862466,-0.539779159186381,-0.5297760574408952,2.6133227783584605,False
dist_hh60,True,2,0.2,2.0,156,-0.010329712108300027,-0.8463598776384739,-0.8439649276072723,0.8596426353142748,False
dist_hh60,True,2,0.2,3.0,161,-0.17664803390192096,-0.9877990142851724,-0.9876053741650582,0.05894843609800487,True
dist_hh60,True,2,0.3,1.0,151,0.06817599177862466,-0.539779159186381,-0.5297760574408952,2.6133227783584605,False
dist_hh60,True,2,0.3,2.0,156,-0.014550196185053155,-0.8506998096312948,-0.8476374767463315,0.8077635817189501,False
dist_hh60,True,2,0.3,3.0,152,-0.05939011808288597,-0.9473055998688025,-0.9502148244910017,0.40992100266932313,False
dist_hh60,True,3,0.05,1.0,221,0.053861969084625816,-0.577905324788103,-0.5744914488220474,2.1471055991413195,False
dist_hh60,True,3,0.05,2.0,243,0.07117960175736604,-0.6995457204211166,-0.7009943576922829,2.722420748115344,False
dist_hh60,True,3,0.05,3.0,255,0.03890283580598619,-0.7579321034101514,-0.7576008073822573,1.7434919646400464,False
dist_hh60,True,3,0.1,1.0,218,0.08576390513206134,-0.48848684090966055,-0.488142442313805,3.315119488987769,False
dist_hh60,True,3,0.1,2.0,229,0.01056404271016409,-0.8383333372739121,-0.8386749214391405,1.1653973353616323,False
dist_hh60,True,3,0.1,3.0,244,-0.13807271285572587,-0.9838994201604065,-0.9835624675568193,0.11484341423638142,True
dist_hh60,True,3,0.2,1.0,218,0.08576390513206134,-0.48848684090966055,-0.488142442313805,3.315119488987769,False
dist_hh60,True,3,0.2,2.0,231,0.03624599392864192,-0.8371282574703741,-0.8385736279420155,1.6796635014719388,False
dist_hh60,True,3,0.2,3.0,233,-0.19178420609907887,-0.99435699804129,-0.9942389014124121,0.04498852383801561,True
dist_hh60,True,3,0.3,1.0,218,0.08576390513206134,-0.48848684090966055,-0.488142442313805,3.315119488987769,False
dist_hh60,True,3,0.3,2.0,231,0.03624599392864192,-0.8371282574703741,-0.8385736279420155,1.6796635014719388,False
dist_hh60,True,3,0.3,3.0,232,-0.1717945316495071,-0.9919451062678146,-0.99177653361753,0.06421719881273034,True
dist_hh60,True,5,0.05,1.0,335,0.025065208885323598,-0.5316818700423735,-0.5352926867136787,1.434166064673295,False
dist_hh60,True,5,0.05,2.0,367,0.015653884838122023,-0.8123786542099742,-0.8114416938381374,1.253874545947336,False
dist_hh60,True,5,0.05,3.0,371,-0.05309252706406198,-0.9312735404716774,-0.9300888785865793,0.45176304536550105,False
dist_hh60,True,5,0.1,1.0,339,0.042795789091308434,-0.5316818700423735,-0.5352926867136787,1.8411069358473973,False
dist_hh60,True,5,0.1,2.0,360,0.024021438835915232,-0.8091025545569377,-0.8069654389096899,1.4130420144555624,False
dist_hh60,True,5,0.1,3.0,366,-0.11998459887202295,-0.9797900290293499,-0.9792967478910646,0.15541054958860254,False
dist_hh60,True,5,0.2,1.0,339,0.042795789091308434,-0.5316818700423735,-0.5352926867136787,1.8411069358473973,False
dist_hh60,True,5,0.2,2.0,360,0.024021438835915232,-0.8091025545569377,-0.8069654389096899,1.4130420144555624,False
dist_hh60,True,5,0.2,3.0,369,-0.11511134195698858,-0.9788022467235318,-0.9784844907240484,0.16842766471901421,False
dist_hh60,True,5,0.3,1.0,339,0.042795789091308434,-0.5316818700423735,-0.5352926867136787,1.8411069358473973,False
dist_hh60,True,5,0.3,2.0,360,0.024021438835915232,-0.8091025545569377,-0.8069654389096899,1.4130420144555624,False
dist_hh60,True,5,0.3,3.0,369,-0.11511134195698858,-0.9788022467235318,-0.9784844907240484,0.16842766471901421,False
