entry_date,exit_date,entry,exit,risk,r,mfe_r,status,days,ticker,side,signal_date,rank,momentum,config
2023-07-20,2023-07-24,192.39279363664537,190.73602285584008,25.645171499926732,-0.07960782668520708,0.05306752285301256,ema_trail,3,AAPL,long,2023-07-19,0.9278846153846154,0.3642679229431023,xmom_f126_skip21_b55_s40_atr0.5_ema10
2023-07-19,2023-07-24,353.388368189592,337.85585009967554,51.91188584415818,-0.31282421284109607,0.01336072504399087,ema_trail,4,MSFT,long,2023-07-18,0.9439102564102564,0.4619186819585215,xmom_f126_skip21_b55_s40_atr0.5_ema10
2025-10-01,2025-10-13,185.00405809785752,187.73056363822363,23.862170791900297,0.09875452844257876,0.4344432384722455,ema_trail,9,NVDA,long,2025-09-30,0.9124203821656051,0.6072346925633505,xmom_f126_skip21_b55_s40_atr0.5_ema10
2023-05-19,2023-06-26,65.24328280581013,79.57713378688935,8.205100216456643,1.7310409429223643,2.827243686721977,ema_trail,25,AVGO,long,2023-05-18,0.9004815409309791,0.22878424998354174,xmom_f126_skip21_b55_s40_atr0.5_ema10
2023-05-22,2023-06-26,65.37759359699133,79.57713378688935,8.316914154366707,1.6915871369572053,2.7730846521492243,ema_trail,24,AVGO,long,2023-05-19,0.9052969502407705,0.25631875662720427,xmom_f126_skip21_b55_s40_atr0.5_ema10
2023-05-24,2023-06-26,65.38142483700787,79.57713378688935,8.338123817443346,1.6868238476842488,2.7655712795316862,ema_trail,22,AVGO,long,2023-05-23,0.9004815409309791,0.25095033817757995,xmom_f126_skip21_b55_s40_atr0.5_ema10
2023-04-06,2023-04-26,90.36103567141232,90.18151421541597,12.640451030975015,-0.028499262127309438,0.21333675241741737,ema_trail,14,ORCL,long,2023-04-05,0.9069020866773676,0.35708979474156055,xmom_f126_skip21_b55_s40_atr0.5_ema10
2024-11-07,2024-11-18,177.58376594919665,180.74159908701915,24.923094858726103,0.11245255141107974,0.4206381284529194,ema_trail,8,ORCL,long,2024-11-06,0.9601910828025477,0.4895844136311589,xmom_f126_skip21_b55_s40_atr0.5_ema10
2024-11-08,2024-11-18,182.6637481040748,180.74159908701915,27.052771698069307,-0.08455608685105863,0.1997437409393657,ema_trail,7,ORCL,long,2024-11-07,0.964968152866242,0.5328651566573395,xmom_f126_skip21_b55_s40_atr0.5_ema10
2023-05-10,2023-06-02,201.45473780869372,209.2793410361326,28.40151770428176,0.26131328012455485,0.6942881829406319,ema_trail,17,CRM,long,2023-05-09,0.9036918138041734,0.3700365052270109,xmom_f126_skip21_b55_s40_atr0.5_ema10
2023-06-01,2023-06-02,204.6789694033211,209.2793410361326,22.923743735288696,0.18282413825596994,0.3061705445900907,ema_trail,2,CRM,long,2023-05-31,0.9149277688603531,0.2869412548470165,xmom_f126_skip21_b55_s40_atr0.5_ema10
2023-07-13,2023-07-25,224.3781379294139,222.038622617973,28.77741066632825,-0.09689098229265665,0.3402185844435399,ema_trail,9,CRM,long,2023-07-12,0.9407051282051282,0.46369828876981645,xmom_f126_skip21_b55_s40_atr0.5_ema10
2023-07-14,2023-07-25,225.7936497684441,222.038622617973,30.127954042129033,-0.1396249623896044,0.27798429558499715,ema_trail,8,CRM,long,2023-07-13,0.9310897435897436,0.44933531810892946,xmom_f126_skip21_b55_s40_atr0.5_ema10
2023-07-20,2023-07-25,227.16985006928775,222.038622617973,28.54071430082135,-0.19570523332321,0.08266012039545359,ema_trail,4,CRM,long,2023-07-19,0.9391025641025641,0.42628136063844213,xmom_f126_skip21_b55_s40_atr0.5_ema10
2024-01-17,2024-02-21,154.88701451889344,171.077173917377,14.557116279718173,1.0909018698690518,1.920792888901798,ema_trail,25,IBM,long,2024-01-16,0.9121405750798722,0.24687024081235154,xmom_f126_skip21_b55_s40_atr0.5_ema10
2023-09-05,2023-09-13,557.8800048828125,557.02001953125,79.57857515008169,-0.024827604133423553,0.15531800271935142,ema_trail,7,ADBE,long,2023-09-01,0.969551282051282,0.5223811090483588,xmom_f126_skip21_b55_s40_atr0.5_ema10
2024-01-12,2024-02-14,144.9600067138672,157.0,17.072345347556222,0.6882518501997743,1.060427743166078,ema_trail,23,NOW,long,2024-01-11,0.9089456869009584,0.22109277585705178,xmom_f126_skip21_b55_s40_atr0.5_ema10
2024-01-23,2024-02-01,617.8648175415618,618.7760027911155,77.61024262925196,-0.004181721052977585,0.2958012776613901,ema_trail,8,INTU,long,2024-01-22,0.9041533546325878,0.2639951132999525,xmom_f126_skip21_b55_s40_atr0.5_ema10
2025-07-29,2025-08-01,795.5428194630412,777.4065351099471,67.86547959090865,-0.29068342419351106,0.13434828950883812,ema_trail,4,INTU,long,2025-07-28,0.9363057324840764,0.29477348142724136,xmom_f126_skip21_b55_s40_atr0.5_ema10
2025-07-30,2025-08-01,795.9285081751651,777.4065351099471,68.25202355695899,-0.29469939546602014,0.12793646155156768,ema_trail,3,INTU,long,2025-07-29,0.9124203821656051,0.28239474899811734,xmom_f126_skip21_b55_s40_atr0.5_ema10
2026-06-23,2026-06-24,426.8599853515625,407.2200012207031,55.5706939146728,-0.36878618310993183,0.0,ema_trail,2,ADI,long,2026-06-22,0.9044585987261147,0.47320073136379137,xmom_f126_skip21_b55_s40_atr0.5_ema10
2023-11-09,2023-12-04,69.72426533164023,68.03468346947368,9.212461486261127,-0.1985387288248127,0.3605511042070085,ema_trail,17,DELL,long,2023-11-08,0.9631410256410257,0.4936254097875594,xmom_f126_skip21_b55_s40_atr0.5_ema10
2026-06-23,2026-06-24,359.06500244140625,350.0,50.79545675896799,-0.19259857220521676,0.011713670053731272,ema_trail,2,KEYS,long,2026-06-22,0.9538216560509554,0.7230644672120878,xmom_f126_skip21_b55_s40_atr0.5_ema10
2023-12-14,2024-01-02,117.6500015258789,117.13999938964844,17.235598256032347,-0.04324202317847457,0.1717375306909742,ema_trail,12,AKAM,long,2023-12-13,0.9136,0.20643554662635033,xmom_f126_skip21_b55_s40_atr0.5_ema10
2024-01-23,2024-02-14,122.1500015258789,119.12000274658203,9.912835665904282,-0.33030899459079655,0.7081724018902131,ema_trail,17,AKAM,long,2024-01-22,0.9281150159744409,0.30093097941426095,xmom_f126_skip21_b55_s40_atr0.5_ema10
2024-01-24,2024-02-14,123.98999786376953,119.12000274658203,11.7601291401554,-0.43519718635057525,0.44047137947562814,ema_trail,16,AKAM,long,2024-01-23,0.9345047923322684,0.2862068608314625,xmom_f126_skip21_b55_s40_atr0.5_ema10
2024-01-25,2024-02-14,123.94999694824219,119.12000274658203,11.48047905325744,-0.4423068211701368,0.45468496536492664,ema_trail,15,AKAM,long,2024-01-24,0.9281150159744409,0.27701184411117463,xmom_f126_skip21_b55_s40_atr0.5_ema10
2024-11-08,2024-11-11,101.61499786376953,101.33000183105469,15.119512351396892,-0.032291122695982694,0.1896556078351861,ema_trail,2,ANET,long,2024-11-07,0.9299363057324841,0.37443841864793326,xmom_f126_skip21_b55_s40_atr0.5_ema10
2025-07-01,2025-07-09,27.410644663594585,26.786601177902117,2.768436435462302,-0.2452159516193816,0.06830745957655945,ema_trail,6,T,long,2025-06-30,0.9203821656050956,0.22099464660485357,xmom_f126_skip21_b55_s40_atr0.5_ema10
2024-09-25,2024-10-08,38.270166401079656,37.610506102486966,5.653396899442498,-0.13022270406442707,0.04876416597879204,ema_trail,10,FOX,long,2024-09-24,0.950479233226837,0.38489463729245177,xmom_f126_skip21_b55_s40_atr0.5_ema10
2025-08-07,2025-08-19,163.60579593500233,167.99847770261798,20.476419068693417,0.19854400137577627,0.8099405661834137,ema_trail,9,EA,long,2025-08-06,0.9076433121019108,0.26233762614121736,xmom_f126_skip21_b55_s40_atr0.5_ema10
2025-05-02,2025-05-05,214.4499969482422,218.5,29.460745362523625,0.12291281205897985,0.3485996075824065,ema_trail,2,TTWO,long,2025-05-01,0.9585987261146497,0.3071851003596422,xmom_f126_skip21_b55_s40_atr0.5_ema10
2025-06-25,2025-07-03,243.47000122070312,240.16000366210938,35.21999623939976,-0.10780630228425787,0.029244715765887566,ema_trail,7,TTWO,long,2025-06-24,0.9187898089171974,0.24249588834760316,xmom_f126_skip21_b55_s40_atr0.5_ema10
2025-01-31,2025-02-24,144.52999877929688,151.0,18.749728094361444,0.32965497910358016,0.7050769565388386,ema_trail,16,LYV,long,2025-01-30,0.9060509554140127,0.39346863534389875,xmom_f126_skip21_b55_s40_atr0.5_ema10
2025-02-04,2025-02-24,147.5500030517578,151.0,21.817040228260595,0.1446070094353125,0.46752432234275626,ema_trail,14,LYV,long,2025-02-03,0.9076433121019108,0.39277258899284684,xmom_f126_skip21_b55_s40_atr0.5_ema10
2023-09-14,2023-09-18,145.0800018310547,140.47999572753906,20.617118278527897,-0.23718960337297448,0.03783258012877678,ema_trail,3,AMZN,long,2023-09-13,0.9455128205128205,0.4815557693237058,xmom_f126_skip21_b55_s40_atr0.5_ema10
2023-07-19,2023-07-21,43.300201416015625,42.28580093383789,3.385244214755602,-0.32523529032579784,0.059079031099275155,ema_trail,3,CMG,long,2023-07-18,0.905448717948718,0.3457302592380025,xmom_f126_skip21_b55_s40_atr0.5_ema10
2025-05-13,2025-05-22,129.6684577689682,128.81526026543298,19.326083461850644,-0.057566470789039474,0.2349609467305667,ema_trail,8,TJX,long,2025-05-12,0.9156050955414012,0.10916234058486296,xmom_f126_skip21_b55_s40_atr0.5_ema10
2023-04-03,2023-04-10,103.5911077387624,100.46824637564075,13.441727187071336,-0.24773926239197294,0.09438106701270592,ema_trail,5,BKNG,long,2023-03-31,0.9341894060995185,0.5354095537401946,xmom_f126_skip21_b55_s40_atr0.5_ema10
2023-04-19,2023-04-26,105.12101350659475,103.53823789411459,12.850619248396185,-0.13952772273734035,0.07056125797528225,ema_trail,6,BKNG,long,2023-04-18,0.9197431781701445,0.4611578558646232,xmom_f126_skip21_b55_s40_atr0.5_ema10
2023-05-19,2023-05-24,108.92500892155071,102.70826278995035,13.48363521916427,-0.47721523497594914,0.01516316660764173,ema_trail,4,BKNG,long,2023-05-18,0.9502407704654896,0.3368700551734445,xmom_f126_skip21_b55_s40_atr0.5_ema10
2024-02-02,2024-03-07,138.99574023617149,145.81336940323422,12.770042022869191,0.5121077655718673,0.6576103532210622,ema_trail,24,ROST,long,2024-02-01,0.9009584664536742,0.23835166577852718,xmom_f126_skip21_b55_s40_atr0.5_ema10
2025-07-24,2025-07-29,81.17773549797514,78.04792134978238,11.412542275146137,-0.2884694347514734,0.11333016691069538,ema_trail,4,EBAY,long,2025-07-23,0.9012738853503185,0.1994048609573642,xmom_f126_skip21_b55_s40_atr0.5_ema10
2024-02-09,2024-03-11,104.65761660127355,114.70439681970643,15.004317123407134,0.6556422997674204,1.0457745013178554,ema_trail,21,WSM,long,2024-02-08,0.9776357827476039,0.45657276790669754,xmom_f126_skip21_b55_s40_atr0.5_ema10
2024-02-13,2024-03-11,106.19919128770391,114.70439681970643,15.15035188982037,0.5473672961351551,0.9339425033700292,ema_trail,19,WSM,long,2024-02-12,0.9808306709265175,0.5170526300270768,xmom_f126_skip21_b55_s40_atr0.5_ema10
2024-03-04,2024-03-15,110.11542111281084,106.74059728731727,13.585005314696986,-0.264634027329372,0.21450249555870177,ema_trail,10,PHM,long,2024-03-01,0.9073482428115016,0.29442881171709145,xmom_f126_skip21_b55_s40_atr0.5_ema10
2023-06-16,2023-07-07,111.01674274524208,110.7533876417434,14.921894581821405,-0.03252861667984781,0.3887177014939788,ema_trail,14,LEN,long,2023-06-15,0.92776886035313,0.2665492870670332,xmom_f126_skip21_b55_s40_atr0.5_ema10
2024-02-13,2024-02-14,140.7525689761652,142.20036058919308,9.477305254470707,0.1230609802850208,0.10673958823806332,ema_trail,2,LEN,long,2024-02-12,0.9073482428115016,0.2636246286389754,xmom_f126_skip21_b55_s40_atr0.5_ema10
2023-05-18,2023-05-23,64.07268688486903,62.30126775985392,9.182883230031024,-0.206859267530774,0.18124493773726827,ema_trail,4,TOL,long,2023-05-17,0.9470304975922953,0.37916553093320227,xmom_f126_skip21_b55_s40_atr0.5_ema10
2024-02-22,2024-03-15,106.51561445391943,115.00940591171498,14.484973776668767,0.5716793386416548,1.088132780173291,ema_trail,17,TOL,long,2024-02-21,0.9297124600638977,0.3796580488271326,xmom_f126_skip21_b55_s40_atr0.5_ema10
2023-04-04,2023-04-10,55.90918470850335,53.35696752593222,7.949987276574468,-0.335099347874181,0.04434182399599428,ema_trail,4,MTH,long,2023-04-03,0.9261637239165329,0.5651060854549903,xmom_f126_skip21_b55_s40_atr0.5_ema10
2024-04-30,2024-06-17,138.42298312222417,143.2659487717118,19.547967638039253,0.2335853919850868,0.7581674744732313,ema_trail,34,RCL,long,2024-04-29,0.9089456869009584,0.6772440780534073,xmom_f126_skip21_b55_s40_atr0.5_ema10
2023-08-08,2023-08-14,93.85832977294922,92.25833129882812,13.990426062811991,-0.1277813217153497,0.06337712444581524,ema_trail,5,DECK,long,2023-08-07,0.9214743589743589,0.27227538027661136,xmom_f126_skip21_b55_s40_atr0.5_ema10
2024-02-12,2024-03-07,20.89369291489602,24.20147796769205,2.9285107237582046,1.1152418328094524,0.6074683173590225,ema_trail,18,AEO,long,2024-02-09,0.9584664536741214,0.38732977685784276,xmom_f126_skip21_b55_s40_atr0.5_ema10
2025-08-11,2025-08-18,114.32822776689295,111.31933370831872,13.172994759776188,-0.24577179093655244,0.06175373844428427,ema_trail,6,DG,long,2025-08-08,0.982484076433121,0.5639790874805117,xmom_f126_skip21_b55_s40_atr0.5_ema10
2024-10-23,2024-10-30,80.61466194983826,80.32917274410839,6.666343328730264,-0.06701102952563306,0.21412263570393014,ema_trail,6,WMT,long,2024-10-22,0.9011164274322169,0.36804571751372905,xmom_f126_skip21_b55_s40_atr0.5_ema10
2024-11-06,2024-11-19,83.81403959501655,84.8870641543614,8.04687760417282,0.11251525432489556,0.07951892132449895,ema_trail,10,WMT,long,2024-11-05,0.9106858054226475,0.31309889068205865,xmom_f126_skip21_b55_s40_atr0.5_ema10
2024-03-08,2024-03-11,746.7522375145948,710.9579151699612,93.60042232407534,-0.39837242069870216,0.001793715139724045,ema_trail,2,COST,long,2024-03-07,0.9217252396166135,0.33413531214830305,xmom_f126_skip21_b55_s40_atr0.5_ema10
2025-06-13,2025-06-26,176.2613611187649,173.22503663234477,25.441914765537746,-0.13319937747956073,0.10052098868456323,ema_trail,9,PM,long,2025-06-12,0.9633757961783439,0.29827837018497094,xmom_f126_skip21_b55_s40_atr0.5_ema10
2025-06-16,2025-06-26,176.15601864262254,173.22503663234477,25.195543089471727,-0.1303124935987184,0.10568491788197612,ema_trail,8,PM,long,2025-06-13,0.9585987261146497,0.29722141346852693,xmom_f126_skip21_b55_s40_atr0.5_ema10
2024-08-29,2024-09-12,46.37378831391681,46.11281641928468,6.904832421547447,-0.05122781403877959,0.20661207791114605,ema_trail,10,MO,long,2024-08-28,0.9009584664536742,0.28831028533148384,xmom_f126_skip21_b55_s40_atr0.5_ema10
2022-12-01,2022-12-21,72.78122999366944,71.62856813438093,9.926864130975495,-0.13077889473926738,0.26664013730937824,ema_trail,15,GIS,long,2022-11-30,0.9052969502407705,0.1970078402891391,xmom_f126_skip21_b55_s40_atr0.5_ema10
2025-08-11,2025-08-25,64.43000030517578,62.63999938964844,7.117265313309822,-0.269606489524745,0.11380741379403035,ema_trail,11,MNST,long,2025-08-08,0.9219745222929936,0.27796974392999685,xmom_f126_skip21_b55_s40_atr0.5_ema10
2022-12-19,2023-01-03,54.73574331984602,55.77233315885152,6.6899799313007335,-0.1713101290906798,0.31784026340163374,ema_trail,10,TSN,short,2022-12-16,0.06420545746388442,-0.21850086211804765,xmom_f126_skip21_b55_s40_atr0.5_ema10
2022-12-20,2023-01-03,53.69028983354968,55.77233315885152,7.7367072365043725,-0.2829916963431813,0.13970949968481625,ema_trail,9,TSN,short,2022-12-19,0.07223113964686999,-0.2169463851643525,xmom_f126_skip21_b55_s40_atr0.5_ema10
2026-01-26,2026-01-27,82.52565819331177,71.96345304089314,10.562205152418628,-1.0156265963409004,0.07039007360765957,stop,2,CVS,long,2026-01-23,0.9044585987261147,0.3446910357788133,xmom_f126_skip21_b55_s40_atr0.5_ema10
2023-02-13,2023-02-21,105.5735546425414,99.37653874919886,15.283129532938474,-0.4192965183483287,0.02699290087091956,ema_trail,6,XOM,long,2023-02-10,0.9117174959871589,0.20470615814718118,xmom_f126_skip21_b55_s40_atr0.5_ema10
2024-01-29,2024-02-21,128.3445949610324,130.9380641358031,18.132719473907628,0.12887090588982927,0.4997107453174654,ema_trail,17,PSX,long,2024-01-26,0.9105431309904153,0.26960035295752194,xmom_f126_skip21_b55_s40_atr0.5_ema10
2026-03-20,2026-04-02,37.08224309272535,38.43647950064138,5.479675064635181,0.23360361821304562,0.7159750320998757,ema_trail,10,HAL,long,2026-03-19,0.9522292993630573,0.5726315008725549,xmom_f126_skip21_b55_s40_atr0.5_ema10
2023-08-10,2023-08-16,41.85109533051207,40.33168836946626,6.121520270525721,-0.2618808859337744,0.07226293770992213,ema_trail,5,EQT,long,2023-08-09,0.9391025641025641,0.33536342293369503,xmom_f126_skip21_b55_s40_atr0.5_ema10
2023-10-13,2023-10-23,23.25,22.670000076293945,2.540714338763383,-0.24658416499156094,0.16924386130912736,ema_trail,7,CNX,long,2023-10-12,0.9102564102564102,0.3450746678594332,xmom_f126_skip21_b55_s40_atr0.5_ema10
2023-10-16,2023-10-23,23.149999618530273,22.670000076293945,2.4378057902391284,-0.21589067659969874,0.21740890466648666,ema_trail,6,CNX,long,2023-10-13,0.905448717948718,0.3373566841002402,xmom_f126_skip21_b55_s40_atr0.5_ema10
2023-10-18,2023-10-23,23.649999618530273,22.670000076293945,2.92928152127012,-0.35070017477458343,0.01024165360265533,ema_trail,4,CNX,long,2023-10-17,0.9294871794871795,0.3529775639254604,xmom_f126_skip21_b55_s40_atr0.5_ema10
2023-12-01,2023-12-06,33.07923023425861,32.475976529871716,3.964354669993419,-0.16885778911817761,0.161250663424978,ema_trail,4,WMB,long,2023-11-30,0.9294871794871795,0.2145794883244494,xmom_f126_skip21_b55_s40_atr0.5_ema10
2023-12-04,2023-12-06,33.31331574729442,32.475976529871716,3.943252751884881,-0.22924369950295323,0.073065285585381,ema_trail,3,WMB,long,2023-12-01,0.9072,0.1804600909176357,xmom_f126_skip21_b55_s40_atr0.5_ema10
2024-06-20,2024-07-25,118.81255264365193,126.20536920869462,14.295683399048144,0.500514124440655,0.9638456977273769,ema_trail,25,TRGP,long,2024-06-18,0.9265175718849841,0.39467042080529136,xmom_f126_skip21_b55_s40_atr0.5_ema10
2026-05-01,2026-05-07,258.0899963378906,244.5500030517578,32.07030126534565,-0.4382925237436836,0.1203610729192513,ema_trail,5,TRGP,long,2026-04-30,0.9808917197452229,0.6628717978760452,xmom_f126_skip21_b55_s40_atr0.5_ema10
2026-05-14,2026-05-28,263.94000244140625,266.19000244140625,38.47060467957925,0.04476456789438804,0.4174615317943943,ema_trail,10,TRGP,long,2026-05-13,0.9203821656050956,0.41888900084170744,xmom_f126_skip21_b55_s40_atr0.5_ema10
2024-01-09,2024-01-11,49.76488451472833,48.74927957431089,7.154272395657486,-0.15586975834520403,0.020088674042015545,ema_trail,3,NRG,long,2024-01-08,0.950479233226837,0.2805889545754854,xmom_f126_skip21_b55_s40_atr0.5_ema10
2024-01-26,2024-02-08,51.489508511618745,51.089641207207,7.660378450313566,-0.0656424907328693,0.25530574766489045,ema_trail,10,NRG,long,2024-01-25,0.9408945686900958,0.3236940774398154,xmom_f126_skip21_b55_s40_atr0.5_ema10
2024-01-30,2024-02-08,52.112289233362446,51.089641207207,7.796420828633465,-0.14453717024657892,0.17097049469342906,ema_trail,8,NRG,long,2024-01-29,0.9584664536741214,0.38439925003037345,xmom_f126_skip21_b55_s40_atr0.5_ema10
2024-02-05,2024-02-08,52.4026028043515,51.089641207207,7.6903842091843515,-0.18435578303877398,0.025107105312074322,ema_trail,4,NRG,long,2024-02-02,0.9728434504792333,0.38439883481271697,xmom_f126_skip21_b55_s40_atr0.5_ema10
2024-03-04,2024-04-19,54.48789425002464,67.84920999643778,6.945186825327596,1.9081329690923028,2.793993427622415,ema_trail,34,NRG,long,2024-03-01,0.963258785942492,0.43994732469886344,xmom_f126_skip21_b55_s40_atr0.5_ema10
2024-03-05,2024-04-19,55.73327415506426,67.84920999643778,8.219549352559198,1.4604777924139771,2.2092970866926467,ema_trail,33,NRG,long,2024-03-04,0.9616613418530351,0.46887462677497194,xmom_f126_skip21_b55_s40_atr0.5_ema10
2023-11-03,2023-11-22,34.03601655420137,33.733345192671756,4.01935580227315,-0.09223950624832472,0.3983818347815819,ema_trail,14,VST,long,2023-11-02,0.9358974358974359,0.3743416059213258,xmom_f126_skip21_b55_s40_atr0.5_ema10
2023-11-07,2023-11-22,34.51443578361152,33.733345192671756,4.485284637647844,-0.18953523158182473,0.2503339699592062,ema_trail,12,VST,long,2023-11-06,0.9407051282051282,0.3685059534208066,xmom_f126_skip21_b55_s40_atr0.5_ema10
2024-01-09,2024-01-11,38.294174728936326,37.76394715481514,5.194005552148845,-0.11683004907994514,0.14461947700858624,ema_trail,3,VST,long,2024-01-08,0.9728434504792333,0.3796121929915659,xmom_f126_skip21_b55_s40_atr0.5_ema10
2023-02-08,2023-02-10,131.5956457857201,128.94804344115659,15.271645785522836,-0.19060117534249835,0.08396504584294766,ema_trail,3,JPM,long,2023-02-07,0.9085072231139647,0.22607917273188516,xmom_f126_skip21_b55_s40_atr0.5_ema10
2024-03-08,2024-04-05,54.423422169086066,57.03018966595223,8.056765560516688,0.3100401313362525,0.6820159884701428,ema_trail,20,C,long,2024-03-07,0.9313099041533547,0.3435132620754411,xmom_f126_skip21_b55_s40_atr0.5_ema10
2025-06-02,2025-06-04,276.04729947712696,270.3845714360823,40.255365954695634,-0.1543849494994835,0.06402788119928907,ema_trail,3,CME,long,2025-05-30,0.9761146496815286,0.25014977475228073,xmom_f126_skip21_b55_s40_atr0.5_ema10
2025-06-03,2025-06-04,277.2737128253733,270.3845714360823,41.43845858967825,-0.17963237698218534,0.004393349637816362,ema_trail,2,CME,long,2025-06-02,0.9681528662420382,0.2235073600246713,xmom_f126_skip21_b55_s40_atr0.5_ema10
2024-11-26,2024-12-04,386.63905630655427,380.96835806255876,51.39462059955133,-0.1253823120286808,0.10281342713991161,ema_trail,6,AON,long,2024-11-25,0.9187898089171974,0.3471782361465303,xmom_f126_skip21_b55_s40_atr0.5_ema10
2024-01-04,2024-02-01,139.84516377802248,146.74802978431873,20.075316055137648,0.3299163839089453,0.5929746868149915,ema_trail,20,ALL,long,2024-01-03,0.9265175718849841,0.2700041256989596,xmom_f126_skip21_b55_s40_atr0.5_ema10
2024-01-18,2024-02-01,144.3139348895301,146.74802978431873,20.109819527562337,0.10668753252951999,0.3697389292235439,ema_trail,11,ALL,long,2024-01-17,0.9600638977635783,0.3666093043508598,xmom_f126_skip21_b55_s40_atr0.5_ema10
2024-01-22,2024-02-01,147.78439442538595,146.74802978431873,22.07965374517832,-0.06032401799819249,0.1795736314030555,ema_trail,9,ALL,long,2024-01-19,0.9057507987220448,0.257700951353248,xmom_f126_skip21_b55_s40_atr0.5_ema10
2023-12-13,2023-12-14,151.21579433777177,146.53234448962502,13.710651777691368,-0.3636502128173682,0.01734720835206588,ema_trail,2,PGR,long,2023-12-12,0.936,0.21983117590681922,xmom_f126_skip21_b55_s40_atr0.5_ema10
2024-01-10,2024-03-01,151.92012100160622,173.93919457218803,16.783202110594715,1.2938671169830247,1.5721632191657358,ema_trail,36,PGR,long,2024-01-09,0.9249201277955271,0.22437828397821202,xmom_f126_skip21_b55_s40_atr0.5_ema10
2023-12-01,2023-12-08,44.95186936935775,44.08753363641314,6.298885506049558,-0.15149338256217834,0.18460793082347082,ema_trail,6,WRB,long,2023-11-30,0.9022435897435898,0.19813196311110093,xmom_f126_skip21_b55_s40_atr0.5_ema10
2023-12-04,2023-12-08,45.44933882324079,44.08753363641314,6.799479807490329,-0.21364926517964267,0.09785377480638564,ema_trail,5,WRB,long,2023-12-01,0.9184,0.19169975553963958,xmom_f126_skip21_b55_s40_atr0.5_ema10
2023-01-26,2023-02-03,61.932017534122615,58.35664027904633,7.568760830100089,-0.4887512464963977,0.023870887591533243,ema_trail,7,ACGL,long,2023-01-25,0.9582664526484751,0.4206598971744977,xmom_f126_skip21_b55_s40_atr0.5_ema10
2023-02-15,2023-03-10,62.997024642898225,64.75618843219891,6.584543821336865,0.24803081038396155,0.8708148753338277,ema_trail,17,ACGL,long,2023-02-14,0.971107544141252,0.3568843233696237,xmom_f126_skip21_b55_s40_atr0.5_ema10
2023-02-16,2023-03-10,64.58502673036665,64.75618843219891,7.778970246209795,0.005398098596917495,0.5329647097518092,ema_trail,16,ACGL,long,2023-02-15,0.9678972712680578,0.34708483011255065,xmom_f126_skip21_b55_s40_atr0.5_ema10
2023-02-24,2023-03-10,65.03195141299963,64.75618843219891,7.90250798153906,-0.05135418838864406,0.468078228512688,ema_trail,11,ACGL,long,2023-02-23,0.9646869983948636,0.3775004590689943,xmom_f126_skip21_b55_s40_atr0.5_ema10
2022-08-22,2022-08-24,502.5437860490051,498.17171649268886,55.37733015867383,-0.09710033172431735,0.13627696676312145,ema_trail,3,UNH,long,2022-08-19,0.9049919484702094,0.1180736752626721,xmom_f126_skip21_b55_s40_atr0.5_ema10
2026-01-06,2026-01-29,604.8551332091523,584.6353856945088,56.82093444366103,-0.37714018593463056,0.6662085301577285,ema_trail,17,TMO,long,2026-01-05,0.9012738853503185,0.38755911979158064,xmom_f126_skip21_b55_s40_atr0.5_ema10
2026-01-22,2026-01-29,636.1228697330541,584.6353856945088,89.73232537203694,-0.5879679319494464,0.07340559454676623,ema_trail,6,TMO,long,2026-01-21,0.9044585987261147,0.31733354802120206,xmom_f126_skip21_b55_s40_atr0.5_ema10
2024-01-03,2024-01-25,278.02768704707586,286.06133296672755,39.091290505557424,0.19128533360888877,0.2939254158063001,ema_trail,16,AMGN,long,2024-01-02,0.9121405750798722,0.21755504471354747,xmom_f126_skip21_b55_s40_atr0.5_ema10
2024-01-04,2024-01-25,279.37125920109924,286.06133296672755,40.46797247709864,0.15151071012257694,0.25072547600375616,ema_trail,15,AMGN,long,2024-01-03,0.902555910543131,0.22550466334814434,xmom_f126_skip21_b55_s40_atr0.5_ema10
2024-11-05,2024-11-14,85.42553867327844,87.97000532596411,11.7671707586276,0.20171506167689432,0.7499365318379125,ema_trail,8,GILD,long,2024-11-04,0.9074960127591707,0.3186997266963165,xmom_f126_skip21_b55_s40_atr0.5_ema10
2024-11-07,2024-11-14,89.58055397508204,87.97000532596411,12.864155258722263,-0.13912376841492335,0.3629943694359524,ema_trail,6,GILD,long,2024-11-06,0.9203821656050956,0.34105125954149185,xmom_f126_skip21_b55_s40_atr0.5_ema10
2024-06-24,2024-06-25,77.69999694824219,76.9000015258789,7.230178589932478,-0.1321399470809874,0.040109785936843924,ema_trail,2,BSX,long,2024-06-21,0.9089456869009584,0.35560728381662177,xmom_f126_skip21_b55_s40_atr0.5_ema10
2026-01-06,2026-01-20,234.60000610351562,232.5,30.3137345205096,-0.08475386343389622,0.4107048222586629,ema_trail,10,IQV,long,2026-01-05,0.9092356687898089,0.39883046944940514,xmom_f126_skip21_b55_s40_atr0.5_ema10
2026-01-08,2026-01-20,241.64999389648438,232.5,33.93318141513777,-0.2838900887725158,0.15913654217121137,ema_trail,8,IQV,long,2026-01-07,0.910828025477707,0.3939637090967789,xmom_f126_skip21_b55_s40_atr0.5_ema10
2022-08-29,2022-09-09,30.457659375221287,30.03110210918471,4.332940135096916,0.08438656798519417,0.5592474517316302,ema_trail,9,XRAY,short,2022-08-26,0.07568438003220612,-0.376883629168583,xmom_f126_skip21_b55_s40_atr0.5_ema10
2023-01-17,2023-01-25,251.76826182783932,244.78545697140993,36.230323786081556,-0.20663192038490888,0.27406411609473635,ema_trail,7,HCA,long,2023-01-13,0.9325842696629213,0.42367882654734834,xmom_f126_skip21_b55_s40_atr0.5_ema10
2025-07-02,2025-07-03,384.3720007908875,376.60471320218375,47.864077617522355,-0.1783389969090436,0.0,ema_trail,2,HCA,long,2025-07-01,0.9378980891719745,0.262556616709273,xmom_f126_skip21_b55_s40_atr0.5_ema10
2024-07-25,2024-08-05,146.2100067138672,135.92999267578125,19.993033942696968,-0.528805887181298,0.43965279663538065,ema_trail,8,THC,long,2024-07-24,0.9664536741214057,0.6904436027807517,xmom_f126_skip21_b55_s40_atr0.5_ema10
2023-05-18,2023-05-24,80.72701446019173,79.46384116672688,11.304424339958885,-0.12602387167557533,0.21168965079623997,ema_trail,5,GE,long,2023-05-17,0.9678972712680578,0.47243353042830893,xmom_f126_skip21_b55_s40_atr0.5_ema10
2023-05-19,2023-05-24,82.00591508236111,79.46384116672688,11.990787699364091,-0.22568039845643068,0.09291541529570319,ema_trail,4,GE,long,2023-05-18,0.9727126805778491,0.4585460807206845,xmom_f126_skip21_b55_s40_atr0.5_ema10
2023-07-03,2023-07-20,85.5679926550885,86.4007142874528,9.948897784476799,0.06649838619172346,0.25022520000578086,ema_trail,13,GE,long,2023-06-30,0.9454253611556982,0.5881483845291591,xmom_f126_skip21_b55_s40_atr0.5_ema10
2023-07-11,2023-07-20,86.9425130552927,86.4007142874528,11.085356147727524,-0.06456119085512577,0.10057814317333849,ema_trail,8,GE,long,2023-07-10,0.9375,0.48938626534322993,xmom_f126_skip21_b55_s40_atr0.5_ema10
2024-07-24,2024-07-25,169.54051466963782,161.43418647614683,20.637761288701995,-0.40922118948306857,0.06562446975369514,ema_trail,2,GE,long,2024-07-23,0.9584664536741214,0.5709734332666847,xmom_f126_skip21_b55_s40_atr0.5_ema10
2025-07-16,2025-07-23,262.666105033761,259.21364569876886,39.324548581776014,-0.10115288511927384,0.2226463228661208,ema_trail,6,GE,long,2025-07-15,0.9506369426751592,0.4004106851632725,xmom_f126_skip21_b55_s40_atr0.5_ema10
2023-01-13,2023-01-20,242.95925063534042,234.67835477364974,32.104677263859315,-0.27306969295811256,0.1090374496174649,ema_trail,5,CAT,long,2023-01-12,0.9085072231139647,0.390217589256157,xmom_f126_skip21_b55_s40_atr0.5_ema10
2023-01-17,2023-01-20,244.90823978921966,234.67835477364974,33.9936134823657,-0.3153445720240726,0.04564454368961691,ema_trail,4,CAT,long,2023-01-13,0.913322632423756,0.3768420723091883,xmom_f126_skip21_b55_s40_atr0.5_ema10
2024-01-11,2024-03-08,241.74806490622848,279.4855651855469,27.654156681187914,1.347139403995944,1.5398941147812883,time,40,TT,long,2024-01-10,0.9089456869009584,0.2116884122813798,xmom_f126_skip21_b55_s40_atr0.5_ema10
2024-09-25,2024-10-03,132.6898659837594,130.53364552829623,19.100051257263573,-0.126785009883666,0.1766776547304151,ema_trail,7,MMM,long,2024-09-24,0.9680511182108626,0.49963963890077334,xmom_f126_skip21_b55_s40_atr0.5_ema10
2024-10-01,2024-10-04,106.6381059786419,103.23712307398633,15.158554731185632,-0.23843032404515857,0.0,ema_trail,4,CHRW,long,2024-09-30,0.9617224880382775,0.4143773831269024,xmom_f126_skip21_b55_s40_atr0.5_ema10
2026-01-12,2026-02-13,168.05763608773404,170.71938809120414,22.87059366578714,0.10168676708963728,1.4821466526410094,ema_trail,24,CHRW,long,2026-01-09,0.9426751592356688,0.548055067994496,xmom_f126_skip21_b55_s40_atr0.5_ema10
2023-10-09,2023-10-16,76.05999755859375,74.23999786376953,10.219844692888643,-0.19296963400174585,0.42662102422998827,ema_trail,6,XPO,long,2023-10-06,0.9935897435897436,1.434450730739909,xmom_f126_skip21_b55_s40_atr0.5_ema10
2023-06-16,2023-06-22,179.91247439774457,170.55869574514423,20.449178206162543,-0.47501192974437223,0.024094129079650754,ema_trail,4,FDX,long,2023-06-15,0.9213483146067416,0.2579218332547879,xmom_f126_skip21_b55_s40_atr0.5_ema10
2026-04-20,2026-05-05,313.20777885165825,286.59533189329,43.3444691361218,-0.628427641610487,0.2570727512024451,ema_trail,12,FDX,long,2026-04-17,0.9554140127388535,0.4968525616229802,xmom_f126_skip21_b55_s40_atr0.5_ema10
2023-01-13,2023-01-19,63.902618616395934,62.12258307696083,5.275816717001916,-0.36161998776789633,0.23207522526651947,ema_trail,4,JCI,long,2023-01-12,0.92776886035313,0.42746101095648315,xmom_f126_skip21_b55_s40_atr0.5_ema10
2023-01-17,2023-01-19,64.85387567589525,62.12258307696083,6.221912247867834,-0.4598265350442126,0.04389796620120565,ema_trail,3,JCI,long,2023-01-13,0.9357945425361156,0.4290749765832569,xmom_f126_skip21_b55_s40_atr0.5_ema10
2025-07-17,2025-07-30,106.43647587641055,102.08198483498754,12.186765613323828,-0.37478065453087284,0.4543905383089986,ema_trail,10,JCI,long,2025-07-16,0.9203821656050956,0.2916531789065284,xmom_f126_skip21_b55_s40_atr0.5_ema10
2025-07-24,2025-07-30,108.7926741462175,102.08198483498754,11.883181969581756,-0.5830319418870467,0.2677189262623773,ema_trail,5,JCI,long,2025-07-23,0.9251592356687898,0.26323117660797646,xmom_f126_skip21_b55_s40_atr0.5_ema10
2025-07-28,2025-07-30,111.34769878859413,102.08198483498754,14.083499040227991,-0.6737252812018637,0.04447247614468495,ema_trail,3,JCI,long,2025-07-25,0.9299363057324841,0.2701612001920606,xmom_f126_skip21_b55_s40_atr0.5_ema10
2026-02-03,2026-02-17,186.86654965407635,189.7809149039449,27.13703352687571,0.09362232419561384,0.7550559257929393,ema_trail,10,STLD,long,2026-02-02,0.9171974522292994,0.3938129944769313,xmom_f126_skip21_b55_s40_atr0.5_ema10
2023-06-15,2023-07-07,48.678670434182855,50.93881955694258,4.379957657712701,0.49379285164615355,1.0081928197832075,ema_trail,15,CRH,long,2023-06-14,0.9101123595505618,0.26637190664055654,xmom_f126_skip21_b55_s40_atr0.5_ema10
2023-06-16,2023-07-07,51.11925633019517,50.93881955694258,6.840742546188693,-0.04132231026154755,0.28874876551941225,ema_trail,14,CRH,long,2023-06-15,0.9036918138041734,0.23440506229719182,xmom_f126_skip21_b55_s40_atr0.5_ema10
2026-02-04,2026-03-02,136.1016017332065,146.65802280634617,19.14777392018253,0.5370973102431121,1.07715131518948,ema_trail,18,DD,long,2026-02-03,0.9092356687898089,0.3918830944055838,xmom_f126_skip21_b55_s40_atr0.5_ema10
2024-08-20,2024-09-04,44.25464821488836,44.226764310431754,6.60025665302382,-0.017634647712231177,0.2310141720995731,ema_trail,11,IP,long,2024-08-19,0.9169329073482428,0.30824404683193274,xmom_f126_skip21_b55_s40_atr0.5_ema10
2024-09-17,2024-09-23,46.44879137130476,45.28663977528643,6.673882714154985,-0.18805382601330953,0.10030104112453182,ema_trail,5,IP,long,2024-09-16,0.9361022364217252,0.3172490766492919,xmom_f126_skip21_b55_s40_atr0.5_ema10
2024-02-12,2024-02-15,130.1271399346861,127.6218031852418,13.625581754996432,-0.20297049175897058,0.032485909405480025,ema_trail,4,SPG,long,2024-02-09,0.9057507987220448,0.25576062546947087,xmom_f126_skip21_b55_s40_atr0.5_ema10
2024-02-16,2024-03-01,129.4543240724279,130.96816861560254,11.267034528265157,0.11138120610898677,0.5405795666724709,ema_trail,10,SPG,long,2024-02-15,0.9089456869009584,0.2681114373957463,xmom_f126_skip21_b55_s40_atr0.5_ema10
2024-02-23,2024-03-01,134.05778923865032,130.96816861560254,15.859129497759113,-0.21172260444682828,0.024558627871191695,ema_trail,6,SPG,long,2024-02-22,0.9057507987220448,0.3260751391039691,xmom_f126_skip21_b55_s40_atr0.5_ema10
2024-10-16,2024-11-01,115.5780452223615,117.98729576571479,15.646019745434543,0.13921076978981398,0.4776556873720275,ema_trail,13,IRM,long,2024-10-15,0.9681020733652312,0.6035473948086696,xmom_f126_skip21_b55_s40_atr0.5_ema10
2024-11-26,2024-12-03,23.557775159502004,23.382313697584454,2.9212526787573196,-0.07619231771872488,0.10115861443190642,ema_trail,5,KIM,long,2024-11-25,0.9044585987261147,0.32168635231452036,xmom_f126_skip21_b55_s40_atr0.5_ema10
2024-10-16,2024-10-28,22.88234657478318,22.788909186152193,3.357474826790444,-0.041460350102944535,0.07235543683117192,ema_trail,9,AKR,long,2024-10-15,0.9027113237639554,0.39534225114335,xmom_f126_skip21_b55_s40_atr0.5_ema10
2024-11-07,2024-11-13,23.405586032788467,23.23739887350594,2.926612016746631,-0.07346321620967988,0.07981492251985298,ema_trail,5,AKR,long,2024-11-06,0.9426751592356688,0.38497498875465785,xmom_f126_skip21_b55_s40_atr0.5_ema10
2024-11-26,2024-12-04,23.807356919459775,23.741949763988977,3.034944612429282,-0.03724017527267169,0.2493719697437856,ema_trail,6,AKR,long,2024-11-25,0.9633757961783439,0.49494601954990847,xmom_f126_skip21_b55_s40_atr0.5_ema10
2024-09-13,2024-09-18,16.83962631225586,16.32851688043508,1.9555157096489442,-0.278590799223541,0.05502519599607706,ema_trail,4,HR,long,2024-09-12,0.9664536741214057,0.3721831003925786,xmom_f126_skip21_b55_s40_atr0.5_ema10
2024-09-16,2024-09-18,16.938261954235344,16.32851688043508,2.0522692811994396,-0.3136145941494437,0.0043693063573585576,ema_trail,3,HR,long,2024-09-13,0.9696485623003195,0.4263232937466088,xmom_f126_skip21_b55_s40_atr0.5_ema10
2024-10-24,2024-10-29,62.659571687698545,62.17331359416296,6.262082480422606,-0.09766355502709798,0.07612720112622771,ema_trail,4,VTR,long,2024-10-23,0.94896331738437,0.47962548911829184,xmom_f126_skip21_b55_s40_atr0.5_ema10
2024-10-31,2024-11-04,61.65845916506933,61.81101371178377,3.6944608019079155,0.007913909485574563,0.7587285859614683,ema_trail,3,VTR,long,2024-10-30,0.9537480063795853,0.4816554217214022,xmom_f126_skip21_b55_s40_atr0.5_ema10
2024-10-31,2024-11-07,133.4156974714518,130.04584200361265,15.767729691210064,-0.23064112170881412,0.07637170778683007,ema_trail,6,WELL,long,2024-10-30,0.9170653907496013,0.3682331334801465,xmom_f126_skip21_b55_s40_atr0.5_ema10
2024-09-11,2024-09-20,70.23460982721753,68.67836165716791,10.473073540591542,-0.16200758861550152,0.13090396230660317,ema_trail,8,ADC,long,2024-09-10,0.9345047923322684,0.26479727157845656,xmom_f126_skip21_b55_s40_atr0.5_ema10
2022-08-22,2022-08-29,69.69464389271874,67.9049076273579,10.285654446526863,-0.18755496436084196,0.017824556618851534,ema_trail,6,SO,long,2022-08-19,0.9001610305958132,0.11502230382722067,xmom_f126_skip21_b55_s40_atr0.5_ema10
2024-09-24,2024-09-26,84.9863294844482,83.94748884921863,8.581604564439289,-0.14086098760686194,0.09464225773552601,ema_trail,3,SO,long,2024-09-23,0.9105431309904153,0.25967908407720186,xmom_f126_skip21_b55_s40_atr0.5_ema10
2024-09-12,2024-10-11,77.9421770588643,82.35168372691368,9.31787250931545,0.45650145026980454,0.9982529573428938,ema_trail,22,PEG,long,2024-09-11,0.9313099041533547,0.2679924944549974,xmom_f126_skip21_b55_s40_atr0.5_ema10
2024-09-13,2024-10-11,78.5572377586276,82.35168372691368,9.932331665445602,0.36621123974575254,0.8745713878066713,ema_trail,21,PEG,long,2024-09-12,0.9265175718849841,0.2635867319886247,xmom_f126_skip21_b55_s40_atr0.5_ema10
2024-09-16,2024-10-11,80.0428485504984,82.35168372691368,11.378553560778045,0.1888420586884637,0.6328504109481653,ema_trail,20,PEG,long,2024-09-13,0.9201277955271565,0.26838879386314196,xmom_f126_skip21_b55_s40_atr0.5_ema10
2024-09-17,2024-10-11,80.18478073626216,82.35168372691368,11.452548518132332,0.17520409767329417,0.6163684964961421,ema_trail,19,PEG,long,2024-09-16,0.9009584664536742,0.27082630037455035,xmom_f126_skip21_b55_s40_atr0.5_ema10
2024-09-24,2024-10-11,82.79642549998974,82.35168372691368,12.40324651433042,-0.049207650865511196,0.3585630054441315,ema_trail,14,PEG,long,2024-09-23,0.9073482428115016,0.2574053099438167,xmom_f126_skip21_b55_s40_atr0.5_ema10
2022-12-01,2022-12-06,15.43077422356109,15.067119707495026,2.1891397741018697,-0.18021510968848115,0.0942831213111468,ema_trail,4,PCG,long,2022-11-30,0.9165329052969502,0.21877555488456513,xmom_f126_skip21_b55_s40_atr0.5_ema10
2024-03-01,2024-03-04,115.95999908447266,116.69000244140625,15.741367232760595,0.03164168343192248,0.2547429379504557,ema_trail,2,ESTC,long,2024-02-29,0.9936102236421726,1.0363545962182155,xmom_f126_skip21_b55_s40_atr0.5_ema10
2025-02-06,2025-02-07,60.1349983215332,66.69000244140625,5.644817682145728,1.139936572899904,1.3685122751177863,ema_trail,2,RBLX,long,2025-02-05,0.9299363057324841,0.6553518544044978,xmom_f126_skip21_b55_s40_atr0.5_ema10
