,strategy,strategy_intraday,spy
2012-01-08,1.0,1.0,1.0016
2012-01-15,1.0,1.0,1.0105
2012-01-22,1.0,1.0,1.0349
2012-01-29,1.0,1.0,1.0339
2012-02-05,1.0,1.0,1.0552
2012-02-12,1.0,1.0,1.0538
2012-02-19,1.0,1.0,1.0699
2012-02-26,1.0,1.0,1.074
2012-03-04,1.0,1.0,1.0769
2012-03-11,1.0,1.0,1.079
2012-03-18,1.0,1.0,1.1052
2012-03-25,1.0,1.0,1.1001
2012-04-01,1.0,1.0,1.1092
2012-04-08,1.0,1.0,1.1012
2012-04-15,1.0,1.0,1.0803
2012-04-22,1.0,1.0,1.0867
2012-04-29,1.0,1.0,1.1059
2012-05-06,1.0,1.0,1.0792
2012-05-13,1.0,1.0,1.0683
2012-05-20,1.0,1.0,1.022
2012-05-27,1.0,1.0,1.0406
2012-06-03,1.0,1.0,1.0096
2012-06-10,1.0,1.0,1.0485
2012-06-17,1.0,1.0,1.0622
2012-06-24,1.0,1.0,1.0568
2012-07-01,1.0,1.0,1.0777
2012-07-08,1.0,1.0,1.0729
2012-07-15,1.0,1.0,1.0749
2012-07-22,1.0,1.0,1.0806
2012-07-29,1.0205,0.9948,1.0981
2012-08-05,1.0361,1.0224,1.1034
2012-08-12,1.0377,1.0273,1.1152
2012-08-19,1.0481,1.0353,1.1258
2012-08-26,1.0463,1.0261,1.1205
2012-09-02,1.0457,1.0351,1.1178
2012-09-09,1.0778,1.0682,1.1429
2012-09-16,1.1006,1.0939,1.1659
2012-09-23,1.0966,1.0923,1.1612
2012-09-30,1.0841,1.0699,1.1461
2012-10-07,1.0894,1.0823,1.1634
2012-10-14,1.0638,1.0555,1.1375
2012-10-21,1.075,1.0656,1.1415
2012-10-28,1.0661,1.0508,1.1252
2012-11-04,1.0775,1.0765,1.1269
2012-11-11,1.056,1.0409,1.0998
2012-11-18,1.0149,1.0,1.0856
2012-11-25,1.0668,1.0533,1.1252
2012-12-02,1.0669,1.0585,1.1316
2012-12-09,1.058,1.0495,1.1337
2012-12-16,1.0638,1.0546,1.1312
2012-12-23,1.0811,1.0697,1.1448
2012-12-30,1.0694,1.0648,1.1226
2013-01-06,1.133,1.119,1.1735
2013-01-13,1.1441,1.132,1.1791
2013-01-20,1.1679,1.1545,1.1892
2013-01-27,1.1955,1.1789,1.2046
2013-02-03,1.2013,1.1855,1.2125
2013-02-10,1.2088,1.2026,1.217
2013-02-17,1.2099,1.1999,1.2195
2013-02-24,1.1921,1.1735,1.2177
2013-03-03,1.1791,1.1588,1.2195
2013-03-10,1.2342,1.2152,1.2462
2013-03-17,1.2331,1.2265,1.2549
2013-03-24,1.2291,1.2202,1.253
2013-03-31,1.232,1.2173,1.2616
2013-04-07,1.2093,1.1854,1.2495
2013-04-14,1.2386,1.2289,1.2788
2013-04-21,1.2012,1.1826,1.252
2013-04-28,1.2721,1.2556,1.2743
2013-05-05,1.273,1.2634,1.2995
2013-05-12,1.3064,1.2919,1.3159
2013-05-19,1.3294,1.31,1.3443
2013-05-26,1.3185,1.3033,1.3312
2013-06-02,1.317,1.3121,1.3162
2013-06-09,1.2857,1.2655,1.3271
2013-06-16,1.2683,1.2608,1.314
2013-06-23,1.2308,1.2163,1.2877
2013-06-30,1.2339,1.2238,1.2987
2013-07-07,1.2721,1.2494,1.3197
2013-07-14,1.3116,1.2988,1.356
2013-07-21,1.3348,1.3152,1.3695
2013-07-28,1.3311,1.3172,1.369
2013-08-04,1.3672,1.3349,1.3839
2013-08-11,1.3394,1.3226,1.3706
2013-08-18,1.304,1.2954,1.3424
2013-08-25,1.3209,1.3092,1.3488
2013-09-01,1.2806,1.2746,1.3248
2013-09-08,1.3338,1.3142,1.3441
2013-09-15,1.3807,1.3676,1.3708
2013-09-22,1.3977,1.39,1.3888
2013-09-29,1.4144,1.3939,1.374
2013-10-06,1.4288,1.4091,1.3739
2013-10-13,1.4218,1.3954,1.385
2013-10-20,1.4581,1.442,1.4186
2013-10-27,1.4889,1.4729,1.4313
2013-11-03,1.4927,1.4715,1.4334
2013-11-10,1.5113,1.475,1.4422
2013-11-17,1.5553,1.53,1.4647
2013-11-24,1.5852,1.5658,1.4709
2013-12-01,1.6035,1.5923,1.4724
2013-12-08,1.6248,1.6043,1.4719
2013-12-15,1.6229,1.6084,1.4489
2013-12-22,1.6598,1.6411,1.485
2013-12-29,1.6791,1.6694,1.5037
2014-01-05,1.6797,1.6671,1.4958
2014-01-12,1.7065,1.6819,1.5061
2014-01-19,1.7097,1.7033,1.502
2014-01-26,1.6834,1.6739,1.4631
2014-02-02,1.6645,1.6432,1.4573
2014-02-09,1.7187,1.6796,1.4696
2014-02-16,1.8021,1.7816,1.5051
2014-02-23,1.8689,1.8388,1.504
2014-03-02,1.9051,1.8827,1.5237
2014-03-09,1.9272,1.9094,1.5398
2014-03-16,1.8709,1.8498,1.5103
2014-03-23,1.9178,1.9087,1.5296
2014-03-30,1.8694,1.8571,1.5238
2014-04-06,1.8507,1.8437,1.5313
2014-04-13,1.7657,1.7572,1.4911
2014-04-20,1.822,1.7902,1.5312
2014-04-27,1.7976,1.7883,1.5304
2014-05-04,1.8371,1.8136,1.5449
2014-05-11,1.816,1.7964,1.5441
2014-05-18,1.8146,1.7893,1.5448
2014-05-25,1.829,1.8012,1.5637
2014-06-01,1.8453,1.8294,1.5829
2014-06-08,1.8981,1.88,1.6051
2014-06-15,1.8505,1.8342,1.5948
2014-06-22,1.8941,1.8753,1.6174
2014-06-29,1.8937,1.8675,1.6164
2014-07-06,1.9135,1.9008,1.636
2014-07-13,1.8679,1.8389,1.6229
2014-07-20,1.8519,1.827,1.632
2014-07-27,1.8496,1.8399,1.6321
2014-08-03,1.8169,1.7819,1.589
2014-08-10,1.7762,1.7508,1.5951
2014-08-17,1.8156,1.7883,1.6156
2014-08-24,1.8331,1.814,1.6442
2014-08-31,1.8664,1.8484,1.6567
2014-09-07,1.8793,1.8531,1.66
2014-09-14,1.8834,1.8697,1.6437
2014-09-21,1.8889,1.8771,1.6644
2014-09-28,1.8414,1.8235,1.6412
2014-10-05,1.8291,1.8035,1.6297
2014-10-12,1.7219,1.7149,1.5801
2014-10-19,1.6879,1.6794,1.563
2014-10-26,1.7455,1.7142,1.629
2014-11-02,1.8182,1.779,1.6724
2014-11-09,1.8211,1.8108,1.6863
2014-11-16,1.818,1.8057,1.6938
2014-11-23,1.8418,1.8333,1.714
2014-11-30,1.8754,1.8581,1.7183
2014-12-07,1.9037,1.8838,1.7249
2014-12-14,1.8584,1.8507,1.666
2014-12-21,1.9272,1.8946,1.7221
2014-12-28,1.9305,1.9135,1.7381
2015-01-04,1.8784,1.8586,1.713
2015-01-11,1.9087,1.8916,1.7032
2015-01-18,1.897,1.8453,1.6813
2015-01-25,1.932,1.919,1.7092
2015-02-01,1.8975,1.8835,1.6632
2015-02-08,1.9222,1.9091,1.714
2015-02-15,1.9528,1.9199,1.7493
2015-02-22,2.0297,1.9996,1.7615
2015-03-01,2.014,2.0026,1.7566
2015-03-08,2.0328,2.0137,1.7303
2015-03-15,2.031,2.0115,1.7164
2015-03-22,2.1303,2.1023,1.7624
2015-03-29,2.0851,2.0515,1.7233
2015-04-05,2.0718,2.0499,1.7291
2015-04-12,2.0826,2.0665,1.7593
2015-04-19,2.0456,2.0261,1.7418
2015-04-26,2.033,2.0161,1.7728
2015-05-03,2.0029,1.9735,1.765
2015-05-10,2.0061,1.987,1.7725
2015-05-17,1.9953,1.9766,1.7794
2015-05-24,2.0115,2.0048,1.784
2015-05-31,1.9904,1.9829,1.7685
2015-06-07,2.0138,1.9867,1.757
2015-06-14,2.0141,1.9978,1.759
2015-06-21,2.0467,2.0271,1.7743
2015-06-28,2.0328,2.0199,1.766
2015-07-05,1.9992,1.9847,1.7449
2015-07-12,2.0132,1.9917,1.7463
2015-07-19,2.0158,2.0031,1.7884
2015-07-26,1.9746,1.9638,1.7507
2015-08-02,2.036,2.015,1.7717
2015-08-09,2.0185,1.9913,1.7503
2015-08-16,2.0204,1.9866,1.7626
2015-08-23,1.8716,1.8644,1.6651
2015-08-30,1.8109,1.8109,1.6773
2015-09-06,1.8109,1.8109,1.621
2015-09-13,1.8109,1.8109,1.6559
2015-09-20,1.8109,1.8109,1.6536
2015-09-27,1.8109,1.8109,1.6316
2015-10-04,1.8109,1.8109,1.6498
2015-10-11,1.8109,1.8109,1.7033
2015-10-18,1.8109,1.8109,1.7198
2015-10-25,1.8109,1.8109,1.7556
2015-11-01,1.8109,1.8109,1.7592
2015-11-08,1.8063,1.7833,1.777
2015-11-15,1.7694,1.757,1.7136
2015-11-22,1.8279,1.8103,1.7709
2015-11-29,1.8587,1.8381,1.773
2015-12-06,1.8518,1.8101,1.7735
2015-12-13,1.8063,1.7953,1.708
2015-12-20,1.7928,1.782,1.7023
2015-12-27,1.837,1.827,1.7505
2016-01-03,1.8408,1.8334,1.7351
2016-01-10,1.7159,1.7118,1.6334
2016-01-17,1.6822,1.675,1.5984
2016-01-24,1.6887,1.6815,1.6215
2016-01-31,1.6798,1.6709,1.6487
2016-02-07,1.6781,1.6772,1.5996
2016-02-14,1.6758,1.67,1.5884
2016-02-21,1.6926,1.6926,1.6341
2016-02-28,1.6926,1.6926,1.6604
2016-03-06,1.6926,1.6926,1.7058
2016-03-13,1.6926,1.6926,1.7257
2016-03-20,1.6926,1.6926,1.7484
2016-03-27,1.6926,1.6926,1.7376
2016-04-03,1.6926,1.6926,1.7701
2016-04-10,1.6881,1.6758,1.7494
2016-04-17,1.7081,1.6925,1.7775
2016-04-24,1.7034,1.6845,1.7877
2016-05-01,1.706,1.687,1.7651
2016-05-08,1.6911,1.6628,1.7599
2016-05-15,1.6647,1.6512,1.7517
2016-05-22,1.682,1.6502,1.7579
2016-05-29,1.6986,1.677,1.7985
2016-06-05,1.7245,1.7027,1.7989
2016-06-12,1.7274,1.7108,1.7971
2016-06-19,1.721,1.7043,1.7759
2016-06-26,1.7094,1.6781,1.7477
2016-07-03,1.7824,1.77,1.8051
2016-07-10,1.7952,1.7737,1.8286
2016-07-17,1.8012,1.7892,1.856
2016-07-24,1.8049,1.787,1.8681
2016-07-31,1.7836,1.7598,1.8671
2016-08-07,1.7818,1.7533,1.8762
2016-08-14,1.778,1.7681,1.8786
2016-08-21,1.7757,1.754,1.8793
2016-08-28,1.7455,1.7364,1.8685
2016-09-04,1.7415,1.7283,1.8778
2016-09-11,1.7223,1.7133,1.834
2016-09-18,1.7335,1.7075,1.8441
2016-09-25,1.764,1.7552,1.8667
2016-10-02,1.8059,1.7835,1.8694
2016-10-09,1.7538,1.7414,1.8585
2016-10-16,1.7308,1.7248,1.8419
2016-10-23,1.7571,1.733,1.8494
2016-10-30,1.7049,1.69,1.8369
2016-11-06,1.6498,1.6362,1.8024
2016-11-13,1.7275,1.709,1.8704
2016-11-20,1.788,1.769,1.8884
2016-11-27,1.8316,1.8189,1.9145
2016-12-04,1.7974,1.7811,1.8986
2016-12-11,1.876,1.8658,1.9576
2016-12-18,1.8436,1.8282,1.9564
2016-12-25,1.8522,1.833,1.9622
2017-01-01,1.8357,1.8245,1.9433
2017-01-08,1.8814,1.8624,1.9753
2017-01-15,1.873,1.8574,1.9739
2017-01-22,1.8784,1.8648,1.9712
2017-01-29,1.8978,1.8815,1.9906
2017-02-05,1.927,1.9078,1.9938
2017-02-12,1.9374,1.9176,2.0127
2017-02-19,1.9518,1.9364,2.0438
2017-02-26,1.9536,1.9307,2.0581
2017-03-05,1.9724,1.9562,2.0727
2017-03-12,1.9403,1.9272,2.0664
2017-03-19,1.9367,1.9269,2.0696
2017-03-26,1.8987,1.8887,2.0419
2017-04-02,1.9363,1.904,2.0583
2017-04-09,1.9358,1.9174,2.0536
2017-04-16,1.8863,1.8833,2.0301
2017-04-23,1.9208,1.9058,2.0483
2017-04-30,1.9349,1.9174,2.0788
2017-05-07,1.924,1.9006,2.0929
2017-05-14,1.9132,1.8977,2.0866
2017-05-21,1.9208,1.8997,2.0808
2017-05-28,1.9353,1.9241,2.1105
2017-06-04,1.9319,1.9162,2.132
2017-06-11,1.9532,1.9175,2.1253
2017-06-18,1.9139,1.8925,2.1289
2017-06-25,1.92,1.9001,2.1332
2017-07-02,1.9501,1.9342,2.1216
2017-07-09,1.9857,1.9594,2.1243
2017-07-16,2.0093,1.9892,2.1545
2017-07-23,2.0164,2.0013,2.1661
2017-07-30,1.9893,1.964,2.1664
2017-08-06,1.9754,1.9559,2.1708
2017-08-13,1.9215,1.9067,2.1419
2017-08-20,1.9111,1.898,2.1295
2017-08-27,1.9364,1.921,2.1458
2017-09-03,1.9828,1.967,2.1745
2017-09-10,1.965,1.9412,2.1635
2017-09-17,2.0111,1.9853,2.1972
2017-09-24,2.0379,2.0135,2.1994
2017-10-01,2.1011,2.0766,2.2152
2017-10-08,2.1618,2.1324,2.2429
2017-10-15,2.1734,2.1587,2.248
2017-10-22,2.1946,2.1657,2.2671
2017-10-29,2.1889,2.1453,2.2724
2017-11-05,2.2247,2.193,2.2789
2017-11-12,2.2175,2.174,2.2757
2017-11-19,2.236,2.2089,2.2737
2017-11-26,2.2686,2.2572,2.2957
2017-12-03,2.311,2.251,2.3319
2017-12-10,2.3204,2.2969,2.3411
2017-12-17,2.335,2.307,2.362
2017-12-24,2.3452,2.3285,2.3708
2017-12-31,2.3513,2.3387,2.3651
2018-01-07,2.4729,2.4437,2.4232
2018-01-14,2.5226,2.5024,2.4631
2018-01-21,2.544,2.5084,2.4852
2018-01-28,2.5615,2.4991,2.5398
2018-02-04,2.4339,2.4162,2.4412
2018-02-11,2.2705,2.1976,2.3176
2018-02-18,2.4049,2.3779,2.4205
2018-02-25,2.4432,2.3907,2.4346
2018-03-04,2.4101,2.342,2.3848
2018-03-11,2.5011,2.4462,2.4715
2018-03-18,2.4134,2.383,2.4399
2018-03-25,2.2746,2.2707,2.2962
2018-04-01,2.2919,2.2504,2.3415
2018-04-08,2.2364,2.2162,2.311
2018-04-15,2.264,2.2459,2.3593
2018-04-22,2.3095,2.2939,2.3723
2018-04-29,2.2895,2.2723,2.3719
2018-05-06,2.3209,2.272,2.3671
2018-05-13,2.4084,2.3891,2.4278
2018-05-20,2.4346,2.4189,2.4143
2018-05-27,2.3971,2.3772,2.4216
2018-06-03,2.4196,2.386,2.4345
2018-06-10,2.5342,2.4859,2.4754
2018-06-17,2.5441,2.5108,2.477
2018-06-24,2.5252,2.507,2.4556
2018-07-01,2.4612,2.4468,2.4247
2018-07-08,2.4835,2.4461,2.4617
2018-07-15,2.4865,2.4641,2.499
2018-07-22,2.5053,2.4822,2.4998
2018-07-29,2.4695,2.4529,2.5154
2018-08-05,2.5056,2.4834,2.5348
2018-08-12,2.545,2.5069,2.5309
2018-08-19,2.5068,2.4678,2.5479
2018-08-26,2.6109,2.583,2.5698
2018-09-02,2.64,2.6036,2.5948
2018-09-09,2.5951,2.5801,2.5706
2018-09-16,2.6224,2.5849,2.5999
2018-09-23,2.5867,2.5686,2.6216
2018-09-30,2.5886,2.5733,2.6102
2018-10-07,2.4917,2.4633,2.5842
2018-10-14,2.37,2.3509,2.4776
2018-10-21,2.3477,2.3329,2.4803
2018-10-28,2.2884,2.2506,2.3823
2018-11-04,2.3198,2.2925,2.4412
2018-11-11,2.3374,2.3221,2.4939
2018-11-18,2.3377,2.2836,2.4577
2018-11-25,2.2946,2.2682,2.3636
2018-12-02,2.3207,2.3004,2.4749
2018-12-09,2.2213,2.2072,2.3665
2018-12-16,2.1929,2.1806,2.3386
2018-12-23,2.0991,2.0971,2.1738
2018-12-30,2.0802,2.0802,2.2374
2019-01-06,2.0802,2.0802,2.2793
2019-01-13,2.0802,2.0802,2.3388
2019-01-20,2.0802,2.0802,2.4064
2019-01-27,2.0802,2.0802,2.4002
2019-02-03,2.0802,2.0802,2.4389
2019-02-10,2.0802,2.0802,2.4426
2019-02-17,2.0802,2.0802,2.5049
2019-02-24,2.0802,2.0802,2.5209
2019-03-03,2.0884,2.0661,2.5325
2019-03-10,2.0898,2.0456,2.4786
2019-03-17,2.1486,2.1347,2.5517
2019-03-24,2.1831,2.1691,2.533
2019-03-31,2.1812,2.1684,2.5623
2019-04-07,2.1853,2.1665,2.6175
2019-04-14,2.2017,2.175,2.632
2019-04-21,2.1454,2.1088,2.6307
2019-04-28,2.2138,2.179,2.6614
2019-05-05,2.2529,2.2121,2.6671
2019-05-12,2.204,2.1643,2.6133
2019-05-19,2.2095,2.1898,2.5928
2019-05-26,2.2018,2.1853,2.565
2019-06-02,2.2052,2.177,2.4969
2019-06-09,2.3532,2.3256,2.6092
2019-06-16,2.3654,2.3447,2.6238
2019-06-23,2.4332,2.4079,2.6798
2019-06-30,2.4451,2.4074,2.6707
2019-07-07,2.4968,2.4535,2.7204
2019-07-14,2.4919,2.464,2.7404
2019-07-21,2.4514,2.4448,2.7087
2019-07-28,2.475,2.4568,2.7528
2019-08-04,2.4748,2.4377,2.6672
2019-08-11,2.4397,2.4141,2.6581
2019-08-18,2.4507,2.414,2.6328
2019-08-25,2.4469,2.4378,2.5964
2019-09-01,2.5809,2.5653,2.6656
2019-09-08,2.6355,2.593,2.7167
2019-09-15,2.5863,2.5577,2.7444
2019-09-22,2.5856,2.5654,2.7313
2019-09-29,2.4974,2.4753,2.705
2019-10-06,2.4908,2.451,2.6953
2019-10-13,2.5067,2.4821,2.713
2019-10-20,2.5128,2.4827,2.7285
2019-10-27,2.5382,2.5101,2.7617
2019-11-03,2.6038,2.5519,2.8033
2019-11-10,2.5624,2.5319,2.8289
2019-11-17,2.5955,2.5716,2.855
2019-11-24,2.5928,2.5645,2.8474
2019-12-01,2.6513,2.6428,2.8781
2019-12-08,2.678,2.6677,2.8832
2019-12-15,2.6625,2.6443,2.9057
2019-12-22,2.679,2.6399,2.9513
2019-12-29,2.6748,2.6523,2.9709
2020-01-05,2.6885,2.6427,2.9668
2020-01-12,2.7362,2.7152,2.9972
2020-01-19,2.8453,2.8182,3.0546
2020-01-26,2.7765,2.7458,3.0253
2020-02-02,2.7194,2.7028,2.9605
2020-02-09,2.8013,2.7733,3.0569
2020-02-16,2.8351,2.8178,3.1066
2020-02-23,2.7567,2.7277,3.0687
2020-03-01,2.4457,2.4335,2.7262
2020-03-08,2.3027,2.2524,2.7372
2020-03-15,2.2064,2.1865,2.4783
2020-03-22,2.1755,2.1755,2.1178
2020-03-29,2.1755,2.1755,2.3457
2020-04-05,2.1755,2.1755,2.2973
2020-04-12,2.1755,2.1755,2.575
2020-04-19,2.1755,2.1755,2.6532
2020-04-26,2.1755,2.1755,2.6192
2020-05-03,2.1755,2.1755,2.6175
2020-05-10,2.1755,2.1755,2.7068
2020-05-17,2.1755,2.1755,2.6498
2020-05-24,2.1755,2.1755,2.7346
2020-05-31,2.1755,2.1755,2.8168
2020-06-07,2.1755,2.1755,2.9558
2020-06-14,2.1308,2.0962,2.8158
2020-06-21,2.2037,2.1656,2.8694
2020-06-28,2.1982,2.1876,2.7895
2020-07-05,2.2913,2.2637,2.9027
2020-07-12,2.281,2.2621,2.9526
2020-07-19,2.3032,2.2614,2.991
2020-07-26,2.2847,2.2543,2.9832
2020-08-02,2.3746,2.3238,3.0356
2020-08-09,2.4221,2.4018,3.1104
2020-08-16,2.396,2.3768,3.1315
2020-08-23,2.3906,2.3715,3.1561
2020-08-30,2.3846,2.3508,3.2593
2020-09-06,2.3131,2.2455,3.1848
2020-09-13,2.303,2.2827,3.1057
2020-09-20,2.2657,2.2345,3.0863
2020-09-27,2.2672,2.2173,3.0684
2020-10-04,2.3243,2.2878,3.1161
2020-10-11,2.4288,2.3993,3.2375
2020-10-18,2.4196,2.3954,3.2416
2020-10-25,2.3921,2.3564,3.2275
2020-11-01,2.2796,2.24,3.0479
2020-11-08,2.4561,2.4286,3.2684
2020-11-15,2.4245,2.3866,3.3425
2020-11-22,2.4734,2.4421,3.3167
2020-11-29,2.5387,2.5114,3.3945
2020-12-06,2.527,2.4927,3.4522
2020-12-13,2.5156,2.4911,3.4191
2020-12-20,2.5797,2.5541,3.4606
2020-12-27,2.5974,2.5677,3.4589
2021-01-03,2.5935,2.5534,3.5047
2021-01-10,2.6417,2.6079,3.5739
2021-01-17,2.6751,2.6289,3.5217
2021-01-24,2.762,2.7247,3.589
2021-01-31,2.6958,2.6577,3.469
2021-02-07,2.7763,2.7346,3.6343
2021-02-14,2.8046,2.7675,3.6805
2021-02-21,2.7604,2.7284,3.6561
2021-02-28,2.7025,2.6762,3.5654
2021-03-07,2.749,2.6527,3.5961
2021-03-14,2.8387,2.8047,3.6938
2021-03-21,2.8078,2.7779,3.6629
2021-03-28,2.8122,2.7638,3.724
2021-04-04,2.8058,2.7655,3.7675
2021-04-11,2.8207,2.7909,3.8699
2021-04-18,2.8698,2.8544,3.9241
2021-04-25,2.9449,2.9036,3.9192
2021-05-02,2.9826,2.963,3.9245
2021-05-09,3.007,2.9526,3.9698
2021-05-16,2.9651,2.9089,3.9177
2021-05-23,2.9465,2.9352,3.9023
2021-05-30,3.0114,2.9968,3.9503
2021-06-06,3.0173,2.9886,3.9743
2021-06-13,3.038,3.0066,3.9904
2021-06-20,2.9275,2.903,3.9149
2021-06-27,3.0359,3.0013,4.0252
2021-07-04,2.9764,2.9519,4.0923
2021-07-11,2.9327,2.887,4.1093
2021-07-18,2.7645,2.754,4.0698
2021-07-25,2.8165,2.7817,4.151
2021-08-01,2.866,2.8431,4.1375
2021-08-08,2.9023,2.878,4.175
2021-08-15,2.8777,2.8644,4.2074
2021-08-22,2.7973,2.7467,4.1832
2021-08-29,2.891,2.8353,4.2482
2021-09-05,2.8829,2.8539,4.2749
2021-09-12,2.8027,2.787,4.2029
2021-09-19,2.8486,2.8258,4.1781
2021-09-26,2.9283,2.8847,4.2018
2021-10-03,2.8809,2.8236,4.1103
2021-10-10,2.9497,2.9376,4.1446
2021-10-17,3.0115,2.9782,4.2204
2021-10-24,3.0083,2.9646,4.289
2021-10-31,3.0091,2.982,4.347
2021-11-07,3.1143,3.0568,4.4349
2021-11-14,3.1571,3.1194,4.4229
2021-11-21,3.1182,3.094,4.4383
2021-11-28,3.0599,3.0227,4.3444
2021-12-05,3.0179,2.9756,4.2919
2021-12-12,3.0894,3.045,4.4558
2021-12-19,3.0503,3.0104,4.3682
2021-12-26,3.1281,3.0929,4.4701
2022-01-02,3.1766,3.158,4.5115
2022-01-09,3.2275,3.1928,4.4273
2022-01-16,3.2925,3.2445,4.4143
2022-01-23,3.0988,3.0708,4.1603
2022-01-30,3.1178,3.0332,4.198
2022-02-06,3.1984,3.1636,4.2621
2022-02-13,3.1954,3.167,4.1838
2022-02-20,3.165,3.1392,4.1246
2022-02-27,3.129,3.0588,4.1581
2022-03-06,3.1816,3.1082,4.1051
2022-03-13,3.1746,3.1598,3.9901
2022-03-20,3.2218,3.1724,4.2355
2022-03-27,3.3102,3.2586,4.3134
2022-04-03,3.3156,3.2674,4.3155
2022-04-10,3.3032,3.2668,4.2646
2022-04-17,3.3823,3.3449,4.1714
2022-04-24,3.2933,3.2773,4.0594
2022-05-01,3.2304,3.218,3.9256
2022-05-08,3.221,3.1998,3.9194
2022-05-15,3.1788,3.1623,3.8277
2022-05-22,3.1808,3.1661,3.7125
2022-05-29,3.2414,3.2049,3.9567
2022-06-05,3.2415,3.2386,3.9117
2022-06-12,3.214,3.214,3.7141
2022-06-19,3.1996,3.1946,3.5011
2022-06-26,3.1756,3.1756,3.7328
2022-07-03,3.1756,3.1756,3.6483
2022-07-10,3.1756,3.1756,3.7194
2022-07-17,3.1756,3.1756,3.6855
2022-07-24,3.1756,3.1756,3.7808
2022-07-31,3.1756,3.1756,3.9425
2022-08-07,3.1756,3.1756,3.9567
2022-08-14,3.1756,3.1756,4.0871
2022-08-21,3.1756,3.1756,4.0396
2022-08-28,3.1756,3.1756,3.8786
2022-09-04,3.1756,3.1756,3.7535
2022-09-11,3.1756,3.1756,3.8909
2022-09-18,3.1756,3.1756,3.7047
2022-09-25,3.1756,3.1756,3.5355
2022-10-02,3.1756,3.1756,3.4321
2022-10-09,3.1756,3.1756,3.486
2022-10-16,3.1756,3.1756,3.4364
2022-10-23,3.1756,3.1756,3.5965
2022-10-30,3.1756,3.1756,3.738
2022-11-06,3.1756,3.1756,3.6162
2022-11-13,3.1756,3.1756,3.8292
2022-11-20,3.1756,3.1756,3.8054
2022-11-27,3.1756,3.1756,3.8659
2022-12-04,3.1756,3.1756,3.9099
2022-12-11,3.1756,3.1756,3.7789
2022-12-18,3.1756,3.1756,3.6997
2022-12-25,3.1756,3.1756,3.6962
2023-01-01,3.1756,3.1756,3.6915
2023-01-08,3.1756,3.1756,3.7461
2023-01-15,3.1756,3.1756,3.8467
2023-01-22,3.1756,3.1756,3.8214
2023-01-29,3.1756,3.1756,3.916
2023-02-05,3.1756,3.1756,3.9804
2023-02-12,3.1843,3.1359,3.9388
2023-02-19,3.2362,3.1589,3.9312
2023-02-26,3.1464,3.1111,3.8262
2023-03-05,3.1886,3.1475,3.9016
2023-03-12,3.0245,3.0067,3.7251
2023-03-19,2.9894,2.9758,3.7789
2023-03-26,2.9955,2.9215,3.8347
2023-04-02,3.1254,3.0776,3.9669
2023-04-09,3.0135,2.9722,3.9649
2023-04-16,3.0611,3.0353,3.9966
2023-04-23,3.1186,3.0855,3.9941
2023-04-30,3.137,3.0822,4.0302
2023-05-07,3.0473,2.9855,3.9983
2023-05-14,3.0152,2.9797,3.9882
2023-05-21,2.9656,2.9343,4.0563
2023-05-28,2.9572,2.9221,4.0699
2023-06-04,3.0133,2.9468,4.1464
2023-06-11,3.0564,3.0353,4.1656
2023-06-18,3.0829,3.0564,4.2741
2023-06-25,3.0124,3.0035,4.2133
2023-07-02,3.0999,3.0719,4.3112
2023-07-09,3.082,3.0457,4.2652
2023-07-16,3.1621,3.1234,4.3696
2023-07-23,3.1756,3.1623,4.3978
2023-07-30,3.2755,3.2396,4.4439
2023-08-06,3.2343,3.1854,4.3455
2023-08-13,3.1637,3.1412,4.3343
2023-08-20,3.1097,3.0531,4.2453
2023-08-27,3.1399,3.088,4.279
2023-09-03,3.2378,3.2004,4.3881
2023-09-10,3.2632,3.2113,4.333
2023-09-17,3.2109,3.1813,4.3273
2023-09-24,3.0996,3.0839,4.2009
2023-10-01,3.136,3.1235,4.1722
2023-10-08,3.0917,3.0145,4.1923
2023-10-15,3.054,3.0198,4.2114
2023-10-22,3.0117,2.9903,4.1108
2023-10-29,2.8978,2.879,4.0082
2023-11-05,3.0698,3.0251,4.2426
2023-11-12,3.0111,2.9475,4.3004
2023-11-19,3.0929,3.0512,4.3997
2023-11-26,3.1229,3.0955,4.4437
2023-12-03,3.1631,3.1254,4.4808
2023-12-10,3.0733,3.0379,4.4916
2023-12-17,3.1112,3.0874,4.5992
2023-12-24,3.2064,3.1892,4.6416
2023-12-31,3.2009,3.1787,4.6578
2024-01-07,3.1501,3.1234,4.5854
2024-01-14,3.1788,3.1498,4.6713
2024-01-21,3.1963,3.1534,4.7276
2024-01-28,3.2632,3.2238,4.7764
2024-02-04,3.2645,3.2172,4.8444
2024-02-11,3.3134,3.2823,4.9115
2024-02-18,3.3043,3.2718,4.895
2024-02-25,3.2869,3.253,4.9767
2024-03-03,3.3747,3.3075,5.0257
2024-03-10,3.3638,3.3323,5.0146
2024-03-17,3.4211,3.3863,5.0116
2024-03-24,3.5302,3.5065,5.1235
2024-03-31,3.6268,3.5886,5.1418
2024-04-07,3.5994,3.538,5.0962
2024-04-14,3.5047,3.4779,5.0217
2024-04-21,3.4524,3.4114,4.8674
2024-04-28,3.5295,3.4821,4.9962
2024-05-05,3.5053,3.4754,5.026
2024-05-12,3.5739,3.5197,5.1199
2024-05-19,3.6594,3.6043,5.2045
2024-05-26,3.5928,3.5654,5.2044
2024-06-02,3.584,3.5296,5.1841
2024-06-09,3.4981,3.4742,5.2493
2024-06-16,3.4937,3.4715,5.3355
2024-06-23,3.5195,3.4882,5.3698
2024-06-30,3.5065,3.4723,5.367
2024-07-07,3.4847,3.4622,5.4697
2024-07-14,3.6055,3.5536,5.5225
2024-07-21,3.6032,3.5818,5.414
2024-07-28,3.645,3.5955,5.3691
2024-08-04,3.546,3.4868,5.2553
2024-08-11,3.5609,3.5141,5.2562
2024-08-18,3.6447,3.607,5.4665
2024-08-25,3.7057,3.6613,5.5436
2024-09-01,3.7596,3.6969,5.5589
2024-09-08,3.5727,3.5545,5.3289
2024-09-15,3.7356,3.6894,5.5424
2024-09-22,3.9163,3.8721,5.6211
2024-09-29,3.9219,3.8907,5.653
2024-10-06,3.9673,3.9243,5.6679
2024-10-13,4.0408,3.9911,5.7332
2024-10-20,4.1119,4.0718,5.7828
2024-10-27,3.9555,3.9255,5.7279
2024-11-03,3.8868,3.8537,5.6487
2024-11-10,4.152,4.0936,5.9173
2024-11-17,4.0814,4.0501,5.7942
2024-11-24,4.2748,4.2306,5.8908
2024-12-01,4.3278,4.3071,5.9604
2024-12-08,4.2589,4.2239,6.0124
2024-12-15,4.1855,4.1449,5.9768
2024-12-22,4.0097,3.9438,5.8673
2024-12-29,4.0257,3.9899,5.9056
2025-01-05,4.0596,3.9771,5.8753
2025-01-12,4.0037,3.9574,5.7615
2025-01-19,4.1167,4.0849,5.9311
2025-01-26,4.1572,4.1289,6.0343
2025-02-02,4.1734,4.1512,5.9732
2025-02-09,4.1697,4.1309,5.9628
2025-02-16,4.1148,4.0725,6.0514
2025-02-23,4.079,4.034,5.9546
2025-03-02,4.0409,3.9439,5.8974
2025-03-09,3.8279,3.7573,5.7162
2025-03-16,3.8548,3.7861,5.586
2025-03-23,3.9359,3.8988,5.6145
2025-03-30,3.9625,3.9166,5.5317
2025-04-06,3.6921,3.6708,5.0301
2025-04-13,3.6731,3.6454,5.3154
2025-04-20,3.6932,3.6837,5.2405
2025-04-27,3.6836,3.6702,5.4817
2025-05-04,3.6945,3.679,5.6422
2025-05-11,3.7232,3.7112,5.6181
2025-05-18,3.7946,3.7196,5.9153
2025-05-25,3.8167,3.7617,5.7651
2025-06-01,3.853,3.7995,5.8675
2025-06-08,3.8511,3.8181,5.9645
2025-06-15,3.8727,3.8374,5.9432
2025-06-22,3.907,3.8623,5.9336
2025-06-29,3.9647,3.9215,6.1396
2025-07-06,3.9653,3.9141,6.2437
2025-07-13,3.9319,3.8987,6.2266
2025-07-20,3.9001,3.8777,6.2661
2025-07-27,4.053,4.0076,6.3612
2025-08-03,4.0291,3.9592,6.2076
2025-08-10,4.1308,4.0793,6.362
2025-08-17,4.1734,4.1131,6.4245
2025-08-24,4.2587,4.1528,6.4431
2025-08-31,4.2351,4.1885,6.4405
2025-09-07,4.218,4.144,6.4624
2025-09-14,4.2452,4.2006,6.564
2025-09-21,4.3817,4.2901,6.6451
2025-09-28,4.3492,4.3056,6.6263
2025-10-05,4.3354,4.2853,6.7003
2025-10-12,4.2673,4.2457,6.5382
2025-10-19,4.3475,4.3079,6.652
2025-10-26,4.3812,4.3466,6.7808
2025-11-02,4.263,4.2154,6.829
2025-11-09,4.1792,4.116,6.7179
2025-11-16,4.1708,4.118,6.7275
2025-11-23,4.1155,4.0269,6.5984
2025-11-30,4.2386,4.2006,6.8423
2025-12-07,4.1042,4.0731,6.8653
2025-12-14,4.1186,4.0808,6.8259
2025-12-21,4.0905,4.0489,6.8344
2025-12-28,4.1611,4.1251,6.932
2026-01-04,4.1521,4.0812,6.8603
2026-01-11,4.1547,4.0954,6.9697
2026-01-18,4.1625,4.1198,6.9455
2026-01-25,4.173,4.1291,6.9211
2026-02-01,4.1052,4.05,6.9486
2026-02-08,4.1707,4.1077,6.9351
2026-02-15,4.2242,4.1428,6.846
2026-02-22,4.2246,4.1544,6.9231
2026-03-01,4.1242,4.0489,6.8886
2026-03-08,3.8937,3.8381,6.7519
2026-03-15,3.913,3.8763,6.6506
2026-03-22,3.8339,3.7904,6.5306
2026-03-29,3.8457,3.8229,6.3848
2026-04-05,3.9097,3.8375,6.6037
2026-04-12,4.033,4.0048,6.8417
2026-04-19,4.1812,4.1177,7.1506
2026-04-26,4.1508,4.126,7.1888
2026-05-03,4.1097,4.0966,7.2564
2026-05-10,4.0974,4.0509,7.4273
2026-05-17,4.0351,4.0166,7.4429
2026-05-24,4.0131,3.9872,7.508
2026-05-31,4.0184,4.0075,7.6172
2026-06-07,4.0662,4.051,7.4266
2026-06-14,4.0946,4.0908,7.4689
2026-06-21,4.0851,4.0623,7.5385
2026-06-28,4.1309,4.1293,7.3593
2026-07-05,4.1241,4.1219,7.5187
2026-07-12,4.161,4.1581,7.6214
2026-07-19,4.1877,4.1797,7.5037
2026-07-26,4.1686,4.1599,7.4596
2026-08-02,4.1783,4.1783,7.4791
