trail,stop,buf,positions,raw,train_n,train_win,train_avg,train_cagr,train_mdd,train_multiple,validation_n,validation_win,validation_avg,validation_cagr,validation_mdd,validation_multiple,holdout_n,holdout_win,holdout_avg,holdout_cagr,holdout_mdd,holdout_multiple
20,10,0.25,3,720,106,0.4716981132075472,0.016411397026434838,0.11534738139816492,-0.18633387365170118,1.6690928402074101,52,0.23076923076923078,-0.0006834189515937437,-0.01725866782491403,-0.22768858875355547,0.954727266427535,33,0.36363636363636365,-0.0018459042491515286,-0.02297324618862573,-0.2345748093579728,0.9667148360851209
20,10,0.5,3,685,103,0.4854368932038835,0.01540253515745705,0.10589513123596372,-0.1777270435323245,1.60374529929309,46,0.2826086956521739,0.012664816201612474,0.06262811874289942,-0.14256918002450614,1.1754541330576953,33,0.36363636363636365,-0.003246076011429045,-0.03358861926305001,-0.24665774286863085,0.9514543622582986
20,10,0.25,2,720,76,0.4605263157894737,0.020692898528899484,0.1514075059865052,-0.19454322004747804,1.9378856114831977,38,0.23684210526315788,0.00026294580936122696,-0.018995140321942605,-0.28375550845449793,0.9502444965211536,25,0.36,-0.0031768033394949935,-0.039740704537829075,-0.24502013140933132,0.9426451433520915
20,10,0.5,1,685,43,0.4186046511627907,0.010232019617905505,0.04181812716683231,-0.3284337982548483,1.2119694480078977,21,0.23809523809523808,0.0038872675064555956,-0.013045268421983613,-0.276699655781539,0.9656591259916182,14,0.35714285714285715,-0.0033068476156902942,-0.05810202108907525,-0.2605163961375463,0.9165067702172545
20,10,0.25,1,720,43,0.4186046511627907,0.0081324672201697,0.01928301733708837,-0.3738779872615843,1.0937668489302914,22,0.22727272727272727,-0.0020995834869565314,-0.06289018697068172,-0.3698790517166527,0.8412577832321956,14,0.35714285714285715,-0.0033068476156902942,-0.05810202108907525,-0.2605163961375463,0.9165067702172545
20,10,0.5,2,685,74,0.47297297297297297,0.01822703694143005,0.12934713447510227,-0.19824077384865169,1.7697101423050137,34,0.2647058823529412,0.00817432987315865,0.034718463121291565,-0.15880217653530404,1.0950771092034204,25,0.36,-0.005376368402519551,-0.05863889727599847,-0.2665641183413109,0.9157459696194444
20,10,1.0,3,597,96,0.4791666666666667,0.013854794382430447,0.09069443665463761,-0.11235995973686197,1.5028942820475286,37,0.32432432432432434,0.02210496960752678,0.15507391002121973,-0.128256888650486,1.2802846951507618,32,0.28125,-0.006859095563068993,-0.06134997052367752,-0.25718950545083763,0.9168205376969185
20,40,1.0,3,134,56,0.44642857142857145,0.01039034299027133,0.04018472429880471,-0.17285798668754404,1.1981570814945004,10,0.3,0.0013182351088993683,0.00038219964989694155,-0.09949595983745374,1.0005891873091606,10,0.2,-0.03175085530653889,-0.09910503153890649,-0.08756790422594407,0.898388597992125
20,10,1.0,1,597,39,0.4358974358974359,0.01120987106202532,0.06100386181929651,-0.21864697486879225,1.3203266494594104,14,0.2857142857142857,0.016425062327900457,0.08785200465201792,-0.14658234849905072,1.1552522167833486,13,0.3076923076923077,-0.00846341591564839,-0.10130503913952105,-0.2685474903899202,0.8637174738324529
20,10,1.0,2,597,68,0.47058823529411764,0.01711281847945693,0.11651770787362703,-0.13226217597010415,1.6773273798143584,26,0.3076923076923077,0.017820214067830784,0.1198378936253337,-0.1355679870835741,1.2140784815270167,23,0.2608695652173913,-0.011061465398308589,-0.10140875380886705,-0.2671577513514941,0.8635807520305434
20,40,0.5,3,181,65,0.4461538461538462,0.009242853290672415,0.039913624653985735,-0.12243188073084421,1.2016076290009825,19,0.21052631578947367,-0.009715387565987063,-0.028924513366477056,-0.16325170524780208,0.9345761595620281,11,0.2727272727272727,-0.03171265880460714,-0.10843919887835074,-0.09727261848786573,0.8888332517038232
10,40,0.5,3,181,75,0.49333333333333335,0.010076990490029738,0.05166825865592095,-0.13935887730230245,1.2666889060250377,19,0.5263157894736842,-0.008950021997833627,-0.02498761291187579,-0.05829592391959282,0.9438567690747199,12,0.25,-0.030387708721414598,-0.11298440285857092,-0.10702078036443263,0.884181311237871
10,40,1.0,3,134,62,0.532258064516129,0.012208220530171152,0.05358076516244181,-0.1814062761629559,1.2706164666107516,10,0.7,0.0050040774097234175,0.010817408300383136,-0.01800874668814534,1.0164832359983595,12,0.16666666666666666,-0.03273036207888367,-0.12101336403194374,-0.11531848307266823,0.8759653600718137
20,20,0.5,3,451,90,0.45555555555555555,0.012782050508569025,0.07792937525911126,-0.1392609794418983,1.4221184177190083,38,0.3157894736842105,0.014372123936800783,0.07065507843484808,-0.13707123764274842,1.1704430875438627,29,0.27586206896551724,-0.02090011395703257,-0.13366501060343183,-0.21283698862791534,0.811404040295954
20,20,0.25,3,474,91,0.43956043956043955,0.010354843867314624,0.06130424046449168,-0.16791930324554183,1.3220816654643903,39,0.3076923076923077,0.01852975206415276,0.09659655988761928,-0.13707123764274842,1.2368552692444696,29,0.27586206896551724,-0.02150198586110761,-0.13712577939054738,-0.2174128865614835,0.8066872255858634
20,40,0.25,3,211,71,0.4084507042253521,0.005136767712618319,0.021953149467678346,-0.14804607792338342,1.107277731616299,23,0.2608695652173913,0.009428363220894643,0.02675990847855103,-0.1702108315240708,1.0627691059295956,13,0.23076923076923078,-0.03471439951666033,-0.13786735805184913,-0.12785112952233435,0.8587253830918168
20,40,1.0,2,134,41,0.43902439024390244,0.00958135677887869,0.03958472861784457,-0.17270344434587237,1.1949890776450736,9,0.3333333333333333,0.011229242673186195,0.028318816117125722,-0.10699126806088821,1.0439841021407932,9,0.2222222222222222,-0.03429368756794639,-0.1420442326480219,-0.1253528558203122,0.8544542356561674
10,40,0.25,3,211,80,0.45,0.006637885607614373,0.03471047865407373,-0.17156908754955758,1.1736539172170277,25,0.52,-0.0058134694379293975,-0.021900524136809207,-0.06075226274496848,0.9506943523917817,14,0.21428571428571427,-0.033364317965920064,-0.14226253638486952,-0.13726908730670973,0.854231020002804
20,20,1.0,3,387,86,0.4069767441860465,0.00827423633908229,0.04693101821173018,-0.13844297863752053,1.234231988819997,32,0.375,0.02462881283359454,0.15841775111229972,-0.13707123764274864,1.2742708429721912,28,0.21428571428571427,-0.021940754540144155,-0.14273522432846308,-0.21098214546861527,0.8095734844060739
10,40,1.0,2,134,48,0.5625,0.012402962850197471,0.06306843440712506,-0.1802902473762673,1.323975152024269,9,0.7777777777777778,0.007033753064684924,0.020561897949313845,-0.027013120032218008,1.0314102810699932,10,0.2,-0.03244564459178141,-0.14858088823283755,-0.13951214846193927,0.8477711615042457
20,20,0.5,2,451,62,0.46774193548387094,0.0192775693033629,0.12152413636417858,-0.1842333263548307,1.712914750085433,27,0.2962962962962963,0.016125164508530142,0.0815974338685792,-0.13556798708357398,1.198203349301923,22,0.2727272727272727,-0.02021249774278058,-0.14874457108867145,-0.23233369564647222,0.7909147509990843
20,20,0.25,2,474,63,0.4603174603174603,0.016359784491063022,0.10119762793098341,-0.18592992589157276,1.5720275220965516,28,0.2857142857142857,0.0208567007134371,0.11329356904591381,-0.1355679870835742,1.2807016258963206,22,0.2727272727272727,-0.021422979989088545,-0.1562692683178719,-0.24219749915666733,0.7807522264061367
20,20,1.0,2,387,60,0.4166666666666667,0.015212681323215358,0.0932455198501434,-0.1364840701094968,1.5054333582035784,22,0.36363636363636365,0.03132998611761622,0.2060454232024127,-0.1355679870835741,1.3617659400149693,21,0.19047619047619047,-0.021683603317082228,-0.16023645030811884,-0.23084673982891102,0.7869895614272088
20,40,0.5,2,181,46,0.5,0.014540367869113427,0.06749276673397553,-0.09714882573782091,1.35864966088291,15,0.2,8.253421985808807e-05,-0.00482180444196223,-0.15265840686369236,0.9889193992816336,10,0.2,-0.037179727362517435,-0.16844250516545745,-0.1529716260892121,0.8274730977230994
10,20,0.5,3,451,120,0.4166666666666667,0.005283075229056545,0.03977281320802817,-0.18281667308100402,1.200844293637021,51,0.45098039215686275,-0.0005980572017087035,-0.007106403494996694,-0.10594287575592498,0.9836937423647042,33,0.24242424242424243,-0.024702584022053664,-0.17326646678399216,-0.23476715924705693,0.7583438051596436
10,40,0.5,2,181,55,0.509090909090909,0.009202532624883132,0.050449949505360525,-0.10535294457580735,1.259817583070993,16,0.625,-0.0042951374821740065,-0.015699833322893708,-0.05530683777710499,0.9645121223307129,11,0.18181818181818182,-0.03523732103922463,-0.1747780356782741,-0.1666838101416881,0.82100105528942
10,10,0.25,3,720,151,0.4105960264900662,-0.001471913039885065,-0.023608572693334717,-0.26182911355037497,0.8939404570525812,70,0.4,-0.0046360757641900775,-0.04526341306834658,-0.2011496271851556,0.8840286229874053,42,0.2857142857142857,-0.019916880445620302,-0.17966883527060173,-0.2696088785216183,0.7498210368868223
10,20,1.0,3,387,104,0.4230769230769231,0.005266256380772874,0.03534853307109875,-0.20614687016970634,1.1728077271032349,43,0.46511627906976744,0.004600387474763259,0.03737794338151268,-0.08820718822713591,1.0623488674999806,31,0.22580645161290322,-0.02590589399509746,-0.18020320475669682,-0.23098641810846887,0.7614370214282012
10,20,0.25,3,474,122,0.4180327868852459,0.005427778040470275,0.041641321509841456,-0.1767110182417988,1.2110045521781612,54,0.4444444444444444,0.0015033277644935002,0.008756197081149386,-0.11069034836450087,1.0203008557863062,35,0.2,-0.025626833002192064,-0.18866502411411312,-0.2554003686637216,0.7378963469372634
10,10,1.0,3,597,131,0.40458015267175573,0.0023928638019238917,0.014906163527400595,-0.22843472302954637,1.0719008648358586,56,0.39285714285714285,0.0002389303977074823,-0.0025450214407785055,-0.14951685635574596,0.9956420649933955,40,0.275,-0.02086778915305467,-0.18869027883051237,-0.2681785476395433,0.750645190795859
10,10,0.5,3,685,144,0.4166666666666667,-0.00018448908603915174,-0.009550072537241605,-0.26070110584771555,0.9559680700607003,65,0.4153846153846154,-0.00250339911348258,-0.02461844900685828,-0.19567557124002954,0.9358179585582985,42,0.2857142857142857,-0.021221526312361513,-0.19004095174565194,-0.2829960041391235,0.7360777860226358
20,20,0.25,1,474,33,0.45454545454545453,0.011211338493804663,0.04864281572967655,-0.2632964756797811,1.2496793172898595,17,0.23529411764705882,0.014154656139694329,0.05911679874876974,-0.1995645301851201,1.1415694372156142,13,0.3076923076923077,-0.022090014096782948,-0.1940495027347724,-0.30619735794699476,0.7303561767315387
20,20,0.5,1,451,33,0.45454545454545453,0.017207900467992525,0.09915358676890551,-0.1761517606148646,1.5583811679689659,16,0.25,0.0073679024923595515,0.016047424410897237,-0.15365426026087625,1.0373817215253323,13,0.3076923076923077,-0.022246530447612864,-0.1951646545598955,-0.3075951602896857,0.7288847300794862
20,40,1.0,1,134,22,0.4090909090909091,0.012419000661736602,0.05329256178462649,-0.1559681462236907,1.269022363770376,6,0.3333333333333333,0.02933968815515973,0.10219239373451527,-0.12671655792733805,1.1618123627916952,6,0.16666666666666666,-0.03668148837354349,-0.19807489360618324,-0.16419392295714053,0.7972137012043542
20,40,0.25,2,211,51,0.43137254901960786,0.005145326353168031,0.021197569661925764,-0.13653085204105175,1.103441245301926,18,0.2777777777777778,0.019166350590592494,0.06744405841210899,-0.15116922731777827,1.1623667405451126,12,0.16666666666666666,-0.03952043504092334,-0.20945545233810514,-0.1958340791642259,0.7856002066672346
20,20,1.0,1,387,32,0.4375,0.015807507890623892,0.09085704243684911,-0.1492745191706889,1.4904003418540748,12,0.3333333333333333,0.031491304577968886,0.1972006655801053,-0.14658234849905072,1.345345051405564,12,0.16666666666666666,-0.02560748021623882,-0.2154606065663608,-0.3009888313929515,0.7168807743192445
10,40,0.25,2,211,59,0.4576271186440678,0.004178405503674407,0.02144582602478806,-0.15474721062162256,1.1047006211325476,21,0.5714285714285714,-0.002367285797665885,-0.012579297240942533,-0.05151831528375683,0.9715084160489029,13,0.15384615384615385,-0.03769680602287513,-0.21547851043639,-0.20885238109467608,0.7794556711077729
10,20,0.5,2,451,85,0.4235294117647059,0.007539624041131056,0.060529473190552574,-0.1812305732090378,1.3175586833769528,38,0.5,0.001804615282574327,0.009912234062495306,-0.106781322641601,1.0229983490198258,26,0.23076923076923078,-0.02654875145400095,-0.21617111057506466,-0.28857948693182567,0.7018091191488843
10,40,1.0,1,134,26,0.5384615384615384,0.012636901227871845,0.06695866620905866,-0.16105591791868012,1.346353559706153,7,0.7142857142857143,0.0073852396642611106,0.03264775566273603,-0.054026240064436126,1.0500270242112133,7,0.14285714285714285,-0.03602920828328877,-0.22332730486798524,-0.20505334932013597,0.771450467364676
10,10,0.25,2,720,104,0.3942307692307692,0.0009893079538826717,-0.002550476289234327,-0.24788510168404998,0.9880876720569555,52,0.4230769230769231,0.0007440763382906877,-0.0031547631719226477,-0.16308238908662398,0.9916265562570107,31,0.2903225806451613,-0.022896844868168093,-0.2241637030452288,-0.30123139412807753,0.6914294895613928
10,20,1.0,2,387,77,0.42857142857142855,0.007464586885860208,0.056362629316691226,-0.17072592139169118,1.2860840947944925,32,0.53125,0.010592921356543588,0.10383112356541058,-0.07090185833279561,1.1742804811839276,25,0.2,-0.02841820436316624,-0.23323036531042485,-0.29487649066380806,0.6947028658747455
20,40,0.25,1,211,26,0.5,0.0072546103581573405,0.02441825640749462,-0.16067463131307091,1.1198674498691896,12,0.25,0.02129946715714659,0.08668414573610694,-0.14535378306979108,1.2112336809060475,7,0.14285714285714285,-0.03886476696551674,-0.23880688855753374,-0.20775001790607084,0.7556687584024315
10,10,0.5,2,685,99,0.41414141414141414,0.0024033226793059442,0.012749541898293693,-0.2080554846815693,1.061254060051338,49,0.40816326530612246,-0.001576641608751633,-0.02312271307278091,-0.2305977215835383,0.939641808184881,31,0.2903225806451613,-0.024967392277865187,-0.24145914266671242,-0.3237627764221962,0.6691347527517792
10,10,1.0,2,597,88,0.4090909090909091,0.006578792457809135,0.05050674400943067,-0.1894497012811105,1.2601372535701574,41,0.4146341463414634,0.002233176158188204,0.01763366722475679,-0.12898124306449388,1.030412156382791,29,0.27586206896551724,-0.025234122684067814,-0.24169568521523588,-0.3076431444013147,0.6842042737876124
10,10,0.25,1,720,58,0.3620689655172414,-0.004272272683566482,-0.0793574951052658,-0.40961025294116427,0.6785613271251554,30,0.4666666666666667,0.0018140530805596338,-0.006856685848561583,-0.21593813969661568,0.9818568112332194,17,0.35294117647058826,-0.02181542235880313,-0.24245222628612273,-0.3173052710642972,0.6678615555871703
10,20,0.25,2,474,87,0.41379310344827586,0.006334759787688536,0.05024534589544394,-0.19320794458141188,1.2586664911597851,41,0.4878048780487805,0.0039087299152256744,0.029554302042150482,-0.10678132264160134,1.0694487046951238,28,0.17857142857142858,-0.028333250625691583,-0.24347360336162338,-0.32431857203133463,0.6665528742527383
10,10,0.5,1,685,56,0.35714285714285715,-0.0013469700869041892,-0.04682280077361867,-0.31442473974896756,0.7984884878412665,31,0.41935483870967744,-0.0021181561687381454,-0.045600536131733094,-0.24599803497255845,0.8831981607599703,17,0.35294117647058826,-0.02213242411483877,-0.24549352425401527,-0.32128619346592613,0.6639671282316689
20,40,0.5,1,181,24,0.5,0.012068900012331551,0.051178429322177976,-0.14815633008227946,1.2639227090396028,10,0.2,0.005068954699205541,0.0073907712260117275,-0.1453537830697912,1.0171199686756542,7,0.14285714285714285,-0.04046328796498826,-0.24744437665522345,-0.2169784914195394,0.7468663989458355
10,10,1.0,1,597,52,0.36538461538461536,0.00041638224449414436,-0.025332041112103187,-0.2860078316718493,0.8865598325928166,24,0.4166666666666667,0.0038677200684926333,0.031252375155302214,-0.15976187683500842,1.0541590360223723,16,0.3125,-0.023122888181382632,-0.2523120329516214,-0.3122291819698234,0.6710994800288055
10,40,0.25,1,211,30,0.4666666666666667,0.008824415835854327,0.04712074933846644,-0.16275733887190902,1.2410337670725244,14,0.5714285714285714,-0.0010339098362780067,-0.01252167237177404,-0.09941597933099133,0.9716378792616512,8,0.125,-0.0380211120625472,-0.26277665998199395,-0.24648015004268053,0.7312481157332827
10,40,0.5,1,181,29,0.4827586206896552,0.010737903707027633,0.05786891809031913,-0.14186993031790485,1.3021193575586891,11,0.6363636363636364,-0.002553291381068079,-0.014646544771228176,-0.10904170827775339,0.9668704354196475,8,0.125,-0.03941981793708478,-0.27114215584503165,-0.2552574780759673,0.7227302185791766
10,20,0.5,1,451,46,0.3695652173913043,0.009548690289163931,0.0727875172390895,-0.24797976475999195,1.3905639596309687,24,0.5416666666666666,-0.0026827277290556403,-0.039509522748510495,-0.14693094285693453,0.9112588894866078,16,0.25,-0.02816363595700564,-0.2781013093432181,-0.3600203678331252,0.6226628463506594
10,20,0.25,1,474,46,0.391304347826087,0.009829896006432463,0.07574359418824139,-0.23114052283448605,1.4083551025482128,26,0.5,0.0008559562950155927,-0.0051122700173613644,-0.14477675781847255,0.9882541355495577,16,0.1875,-0.029259282692954136,-0.28673909373652584,-0.3711226761043137,0.611860948099938
10,20,1.0,1,387,43,0.3953488372093023,0.008856852494281463,0.06527020735968181,-0.25161991698286157,1.3366047285119982,18,0.6666666666666666,0.014470244140723263,0.1605368690290243,-0.06724463335370168,1.2739540449598523,15,0.2,-0.03195186845643047,-0.3070018523870105,-0.3768853286053939,0.604697314037418
