name,strategy,side,ema_zone,rsi_lo,rsi_hi,volume_ratio,stop_lookback,atr_buffer,target_lookback,min_rr,max_hold,require_reversal,momentum_min,is_n,is_win_rate,is_avg_r,is_median_r,is_profit_factor,is_max_dd_r,is_avg_hold,is_avg_planned_rr,oos_n,oos_win_rate,oos_avg_r,oos_median_r,oos_profit_factor,oos_max_dd_r,oos_avg_hold,oos_avg_planned_rr,oos_score
reversion_long_rsi2_10_stop20_atr1.5_hold10,reversion,long,0,10,90,1.0,20,1.5,20,0,10,False,0,5276,0.6207,0.0254,0.0884,1.132,-31.35,4.8,,4193,0.6446,0.0211,0.105,1.115,-42.05,4.6,,1.3662962819242392
reversion_long_rsi2_2_stop20_atr1.5_hold5,reversion,long,0,2,98,1.0,20,1.5,20,0,5,False,0,1075,0.5767,0.0101,0.0833,1.043,-32.66,4.2,,779,0.5892,0.0468,0.1036,1.224,-14.14,4.1,,1.306214744978788
reversion_long_rsi2_2_stop20_atr1.0_hold5,reversion,long,0,2,98,1.0,20,1.0,20,0,5,False,0,1097,0.5624,0.0134,0.0863,1.042,-40.83,3.9,,788,0.5761,0.0461,0.1189,1.163,-18.74,3.8,,1.294088667750398
reversion_long_rsi2_5_stop20_atr1.5_hold10,reversion,long,0,5,95,1.0,20,1.5,20,0,10,False,0,2800,0.6161,0.0168,0.0988,1.076,-31.07,4.9,,2101,0.6349,0.0272,0.1283,1.128,-31.27,4.8,,1.2467573300366033
reversion_long_rsi2_5_stop20_atr1.5_hold5,reversion,long,0,5,95,1.0,20,1.5,20,0,5,False,0,2921,0.5769,0.0107,0.0717,1.05,-29.99,4.1,,2174,0.5943,0.0225,0.0991,1.113,-22.85,4.0,,1.049088890418729
reversion_long_rsi2_10_stop20_atr1.5_hold5,reversion,long,0,10,90,1.0,20,1.5,20,0,5,False,0,5598,0.5795,0.0143,0.0693,1.074,-42.08,4.0,,4396,0.6021,0.0148,0.0887,1.081,-40.77,3.9,,0.981274599691646
reversion_long_rsi2_2_stop20_atr1.5_hold10,reversion,long,0,2,98,1.0,20,1.5,20,0,10,False,0,1060,0.6094,0.0141,0.1136,1.057,-28.86,5.0,,766,0.6214,0.0345,0.1427,1.146,-18.22,4.9,,0.9548463227137653
reversion_long_rsi2_2_stop20_atr1.0_hold10,reversion,long,0,2,98,1.0,20,1.0,20,0,10,False,0,1086,0.5847,0.0157,0.1173,1.047,-36.16,4.5,,778,0.5925,0.0222,0.1494,1.07,-21.57,4.4,,0.6192168602355721
reversion_long_rsi2_5_stop20_atr1.0_hold10,reversion,long,0,5,95,1.0,20,1.0,20,0,10,False,0,2871,0.5953,0.0078,0.0965,1.026,-37.25,4.5,,2146,0.6034,0.0121,0.1274,1.041,-48.72,4.4,,0.5605317653799827
reversion_long_rsi2_10_stop20_atr1.0_hold10,reversion,long,0,10,90,1.0,20,1.0,20,0,10,False,0,5390,0.6,0.0124,0.0902,1.048,-48.81,4.5,,4275,0.6218,0.0073,0.1134,1.029,-50.95,4.3,,0.4772994343177038
reversion_long_rsi2_2_stop20_atr0.5_hold5,reversion,long,0,2,98,1.0,20,0.5,20,0,5,False,0,1135,0.5031,-0.0694,0.0075,0.865,-77.6,3.4,,807,0.5056,0.0145,0.0076,1.033,-30.03,3.3,,0.411912308628912
reversion_long_rsi2_10_stop20_atr1.0_hold5,reversion,long,0,10,90,1.0,20,1.0,20,0,5,False,0,5671,0.5637,0.0048,0.0692,1.019,-85.47,3.9,,4445,0.5879,0.006,0.0954,1.024,-53.16,3.7,,0.40002499921879886
reversion_long_rsi2_5_stop20_atr1.0_hold5,reversion,long,0,5,95,1.0,20,1.0,20,0,5,False,0,2969,0.5621,0.0022,0.0724,1.008,-43.07,3.9,,2206,0.5725,0.0079,0.1003,1.029,-42.14,3.8,,0.3710477866798292
reversion_long_rsi2_2_stop20_atr0.5_hold10,reversion,long,0,2,98,1.0,20,0.5,20,0,10,False,0,1131,0.5119,-0.0665,0.0262,0.876,-73.94,3.8,,801,0.5144,-0.0042,0.0456,0.991,-34.03,3.7,,-0.1188681622639132
reversion_short_rsi2_2_stop20_atr1.5_hold5,reversion,short,0,2,98,1.0,20,1.5,20,0,5,False,0,418,0.5383,-0.0225,0.0517,0.912,-18.25,4.1,,78,0.4359,-0.0276,-0.0427,0.847,-4.36,4.4,,-0.2437565999106486
reversion_long_rsi2_10_stop20_atr0.5_hold10,reversion,long,0,10,90,1.0,20,0.5,20,0,10,False,0,5599,0.5551,-0.0158,0.0688,0.957,-170.36,4.0,,4452,0.5748,-0.0063,0.0984,0.982,-93.38,3.8,,-0.42035684840382936
reversion_short_rsi2_2_stop20_atr1.0_hold5,reversion,short,0,2,98,1.0,20,1.0,20,0,5,False,0,426,0.5117,-0.0467,0.0237,0.868,-29.94,3.8,,78,0.4359,-0.0584,-0.0761,0.778,-8.08,4.2,,-0.5157748345935463
reversion_short_rsi2_10_stop20_atr1.5_hold5,reversion,short,0,10,90,1.0,20,1.5,20,0,5,False,0,2493,0.5736,-0.0302,0.0583,0.853,-80.38,4.0,,398,0.4221,-0.0306,-0.0595,0.808,-12.87,4.3,,-0.6104680827037561
reversion_short_rsi2_10_stop20_atr1.0_hold5,reversion,short,0,10,90,1.0,20,1.0,20,0,5,False,0,2530,0.5577,-0.0487,0.0579,0.822,-123.5,3.8,,400,0.42,-0.0344,-0.07,0.825,-13.75,4.3,,-0.688
reversion_short_rsi2_5_stop20_atr1.5_hold5,reversion,short,0,5,95,1.0,20,1.5,20,0,5,False,0,1267,0.5919,0.0057,0.0756,1.027,-17.71,4.1,,223,0.417,-0.0516,-0.0604,0.726,-14.83,4.4,,-0.7705523213903128
reversion_short_rsi2_5_stop20_atr1.0_hold5,reversion,short,0,5,95,1.0,20,1.0,20,0,5,False,0,1294,0.5672,-0.0074,0.0688,0.974,-26.71,3.8,,224,0.4107,-0.0625,-0.0785,0.739,-19.68,4.3,,-0.9354143466934853
reversion_short_rsi2_2_stop20_atr1.5_hold10,reversion,short,0,2,98,1.0,20,1.5,20,0,10,False,0,415,0.5735,-0.0045,0.0923,0.983,-16.76,4.9,,78,0.5128,-0.1138,0.0138,0.599,-11.96,5.9,,-1.005054386588109
reversion_long_rsi2_10_stop20_atr0.5_hold5,reversion,long,0,10,90,1.0,20,0.5,20,0,5,False,0,5852,0.5248,-0.024,0.0343,0.935,-213.36,3.5,,4595,0.5513,-0.0181,0.0762,0.949,-129.63,3.4,,-1.2269343706979605
reversion_short_rsi2_10_stop20_atr0.5_hold5,reversion,short,0,10,90,1.0,20,0.5,20,0,5,False,0,2628,0.5183,-0.1,0.0285,0.742,-276.85,3.5,,402,0.4154,-0.0645,-0.0897,0.777,-30.45,4.1,,-1.2932209787967408
reversion_short_rsi2_2_stop20_atr1.0_hold10,reversion,short,0,2,98,1.0,20,1.0,20,0,10,False,0,423,0.539,-0.0291,0.0614,0.918,-25.92,4.3,,78,0.4872,-0.1768,-0.0359,0.545,-16.46,5.4,,-1.5614553211667637
reversion_long_rsi2_5_stop20_atr0.5_hold10,reversion,long,0,5,95,1.0,20,0.5,20,0,10,False,0,2986,0.5368,-0.0197,0.053,0.955,-92.19,3.9,,2233,0.5401,-0.0347,0.0776,0.92,-96.95,3.7,,-1.6397356402786396
reversion_short_rsi2_10_stop20_atr1.5_hold10,reversion,short,0,10,90,1.0,20,1.5,20,0,10,False,0,2370,0.6224,-0.0182,0.0887,0.912,-51.77,4.8,,388,0.4716,-0.0918,-0.0399,0.598,-35.56,6.1,,-1.8082502924097648
reversion_short_rsi2_5_stop20_atr1.5_hold10,reversion,short,0,5,95,1.0,20,1.5,20,0,10,False,0,1235,0.6283,0.0001,0.0983,1.0,-22.99,4.8,,217,0.4747,-0.1335,-0.0462,0.52,-29.42,6.1,,-1.9665778016646074
reversion_short_rsi2_10_stop20_atr1.0_hold10,reversion,short,0,10,90,1.0,20,1.0,20,0,10,False,0,2425,0.5942,-0.0413,0.0844,0.851,-100.66,4.4,,391,0.4706,-0.1,-0.045,0.633,-39.05,6.0,,-1.977371993328519
reversion_long_rsi2_5_stop20_atr0.5_hold5,reversion,long,0,5,95,1.0,20,0.5,20,0,5,False,0,3063,0.5113,-0.0305,0.0169,0.929,-132.28,3.5,,2276,0.5185,-0.0417,0.0479,0.902,-113.56,3.3,,-1.989400321705011
reversion_short_rsi2_5_stop20_atr0.5_hold5,reversion,short,0,5,95,1.0,20,0.5,20,0,5,False,0,1342,0.5127,-0.0908,0.0272,0.797,-155.38,3.4,,226,0.3938,-0.1385,-0.1129,0.617,-36.62,4.1,,-2.0821115484046477
reversion_short_rsi2_2_stop20_atr0.5_hold5,reversion,short,0,2,98,1.0,20,0.5,20,0,5,False,0,442,0.4502,-0.0789,-0.1691,0.852,-67.42,3.3,,79,0.3924,-0.2497,-0.1285,0.486,-22.2,3.7,,-2.2193821460037024
reversion_short_rsi2_10_stop20_atr0.5_hold10,reversion,short,0,10,90,1.0,20,0.5,20,0,10,False,0,2536,0.5481,-0.0906,0.0617,0.766,-248.07,3.9,,396,0.4646,-0.1187,-0.0619,0.672,-49.08,5.6,,-2.3621001756911157
reversion_short_rsi2_5_stop20_atr1.0_hold10,reversion,short,0,5,95,1.0,20,1.0,20,0,10,False,0,1267,0.5959,-0.0201,0.1014,0.935,-40.04,4.4,,218,0.4679,-0.1644,-0.0556,0.525,-35.84,5.9,,-2.427336911102371
reversion_short_rsi2_5_stop20_atr0.5_hold10,reversion,short,0,5,95,1.0,20,0.5,20,0,10,False,0,1320,0.5333,-0.1053,0.05,0.772,-154.06,3.8,,221,0.4525,-0.2064,-0.0796,0.543,-45.92,5.3,,-3.0683565894465397
reversion_short_rsi2_2_stop20_atr0.5_hold10,reversion,short,0,2,98,1.0,20,0.5,20,0,10,False,0,438,0.4658,-0.0862,-0.1001,0.844,-66.34,3.7,,79,0.4177,-0.3563,-0.2837,0.404,-28.66,4.7,,-3.166863670889544
